id,timestamp_ns,received_at,symbol,buy_exchange,sell_exchange,buy_vwap,sell_vwap,target_volume,gross_spread,buy_fee,sell_fee,gas_fee,net_profit,net_profit_pct,execution_id,executed,execution_latency_us,status
1000,1786473668568132500,2026-08-11T18:41:08.568148+00:00,BTC/USDT,binance,kraken,63438.43000000,77610.17000000,0.01,139.06515128,0.63438430,2.01786442,2.50,136.56515128,0.21505690,ARB-20260811184108568,1,535,FILLED
999,1786473668566704800,2026-08-11T18:41:08.566721+00:00,BTC/USDT,binance,kraken,63438.43000000,77610.17000000,0.01,139.06515128,0.63438430,2.01786442,2.50,136.56515128,0.21505690,ARB-20260811184108566,1,600,FILLED
998,1786473668565395500,2026-08-11T18:41:08.565410+00:00,BTC/USDT,binance,kraken,63438.43000000,77610.17000000,0.01,139.06515128,0.63438430,2.01786442,2.50,136.56515128,0.21505690,ARB-20260811184108565,1,515,FILLED
997,1786473668564065700,2026-08-11T18:41:08.564081+00:00,BTC/USDT,binance,kraken,63438.43000000,77610.17000000,0.01,139.06515128,0.63438430,2.01786442,2.50,136.56515128,0.21505690,ARB-20260811184108564,1,537,FILLED
996,1786473668562654900,2026-08-11T18:41:08.562670+00:00,BTC/USDT,binance,kraken,63438.43000000,77610.17000000,0.01,139.06515128,0.63438430,2.01786442,2.50,136.56515128,0.21505690,ARB-20260811184108562,1,529,FILLED
995,1786473668561284800,2026-08-11T18:41:08.561299+00:00,BTC/USDT,binance,kraken,63438.43000000,77610.17000000,0.01,139.06515128,0.63438430,2.01786442,2.50,136.56515128,0.21505690,ARB-20260811184108561,1,512,FILLED
994,1786473668559824200,2026-08-11T18:41:08.559839+00:00,BTC/USDT,binance,kraken,63438.43000000,77610.17000000,0.01,139.06515128,0.63438430,2.01786442,2.50,136.56515128,0.21505690,ARB-20260811184108559,1,697,FILLED
993,1786473668558515700,2026-08-11T18:41:08.558531+00:00,BTC/USDT,binance,kraken,63438.43000000,77610.17000000,0.01,139.06515128,0.63438430,2.01786442,2.50,136.56515128,0.21505690,ARB-20260811184108558,1,536,FILLED
992,1786473668557128300,2026-08-11T18:41:08.557170+00:00,BTC/USDT,binance,kraken,63438.43000000,77610.17000000,0.01,139.06515128,0.63438430,2.01786442,2.50,136.56515128,0.21505690,ARB-20260811184108557,1,538,FILLED
991,1786473668555826100,2026-08-11T18:41:08.555841+00:00,BTC/USDT,binance,kraken,63438.43000000,77610.17000000,0.01,139.06515128,0.63438430,2.01786442,2.50,136.56515128,0.21505690,ARB-20260811184108555,1,537,FILLED
990,1786473668554515000,2026-08-11T18:41:08.554531+00:00,BTC/USDT,binance,kraken,63438.43000000,77610.17000000,0.01,139.06515128,0.63438430,2.01786442,2.50,136.56515128,0.21505690,ARB-20260811184108554,1,523,FILLED
989,1786473668553160400,2026-08-11T18:41:08.553177+00:00,BTC/USDT,binance,kraken,63438.43000000,77610.17000000,0.01,139.06515128,0.63438430,2.01786442,2.50,136.56515128,0.21505690,ARB-20260811184108553,1,549,FILLED
988,1786473668551848000,2026-08-11T18:41:08.551863+00:00,BTC/USDT,binance,kraken,63438.43000000,77610.17000000,0.01,139.06515128,0.63438430,2.01786442,2.50,136.56515128,0.21505690,ARB-20260811184108551,1,539,FILLED
987,1786473668550563100,2026-08-11T18:41:08.550579+00:00,BTC/USDT,binance,kraken,63438.43000000,77610.17000000,0.01,139.06515128,0.63438430,2.01786442,2.50,136.56515128,0.21505690,ARB-20260811184108550,1,539,FILLED
986,1786473668549247600,2026-08-11T18:41:08.549263+00:00,BTC/USDT,binance,kraken,63438.43000000,77610.17000000,0.01,139.06515128,0.63438430,2.01786442,2.50,136.56515128,0.21505690,ARB-20260811184108549,1,537,FILLED
985,1786473668547954300,2026-08-11T18:41:08.547970+00:00,BTC/USDT,binance,kraken,63438.43000000,77610.17000000,0.01,139.06515128,0.63438430,2.01786442,2.50,136.56515128,0.21505690,ARB-20260811184108547,1,527,FILLED
984,1786473668546596400,2026-08-11T18:41:08.546612+00:00,BTC/USDT,binance,kraken,63438.43000000,77610.17000000,0.01,139.06515128,0.63438430,2.01786442,2.50,136.56515128,0.21505690,ARB-20260811184108546,1,558,FILLED
983,1786473668545283300,2026-08-11T18:41:08.545299+00:00,BTC/USDT,binance,kraken,63438.43000000,77610.17000000,0.01,139.06515128,0.63438430,2.01786442,2.50,136.56515128,0.21505690,ARB-20260811184108545,1,540,FILLED
982,1786473668543857000,2026-08-11T18:41:08.543872+00:00,BTC/USDT,binance,kraken,63438.43000000,77610.17000000,0.01,139.06515128,0.63438430,2.01786442,2.50,136.56515128,0.21505690,ARB-20260811184108543,1,512,FILLED
981,1786473668542553700,2026-08-11T18:41:08.542569+00:00,BTC/USDT,binance,kraken,63438.43000000,77610.17000000,0.01,139.06515128,0.63438430,2.01786442,2.50,136.56515128,0.21505690,ARB-20260811184108542,1,536,FILLED
980,1786473668541272300,2026-08-11T18:41:08.541288+00:00,BTC/USDT,binance,kraken,63438.43000000,77610.17000000,0.01,139.06515128,0.63438430,2.01786442,2.50,136.56515128,0.21505690,ARB-20260811184108541,1,513,FILLED
979,1786473668539923700,2026-08-11T18:41:08.539939+00:00,BTC/USDT,binance,kraken,63438.43000000,77610.17000000,0.01,139.06515128,0.63438430,2.01786442,2.50,136.56515128,0.21505690,ARB-20260811184108539,1,527,FILLED
978,1786473668538419500,2026-08-11T18:41:08.538435+00:00,BTC/USDT,binance,kraken,63438.43000000,77610.17000000,0.01,139.06515128,0.63438430,2.01786442,2.50,136.56515128,0.21505690,ARB-20260811184108538,1,545,FILLED
977,1786473668536964900,2026-08-11T18:41:08.536980+00:00,BTC/USDT,binance,kraken,63438.43000000,77610.17000000,0.01,139.06515128,0.63438430,2.01786442,2.50,136.56515128,0.21505690,ARB-20260811184108536,1,577,FILLED
976,1786473668535613100,2026-08-11T18:41:08.535629+00:00,BTC/USDT,binance,kraken,63438.43000000,77610.17000000,0.01,139.06515128,0.63438430,2.01786442,2.50,136.56515128,0.21505690,ARB-20260811184108535,1,528,FILLED
975,1786473668534216600,2026-08-11T18:41:08.534232+00:00,BTC/USDT,binance,kraken,63438.43000000,77610.17000000,0.01,139.06515128,0.63438430,2.01786442,2.50,136.56515128,0.21505690,ARB-20260811184108534,1,543,FILLED
974,1786473668532880500,2026-08-11T18:41:08.532896+00:00,BTC/USDT,binance,kraken,63438.43000000,77610.17000000,0.01,139.06515128,0.63438430,2.01786442,2.50,136.56515128,0.21505690,ARB-20260811184108532,1,516,FILLED
973,1786473668531542700,2026-08-11T18:41:08.531558+00:00,BTC/USDT,binance,kraken,63438.43000000,77610.17000000,0.01,139.06515128,0.63438430,2.01786442,2.50,136.56515128,0.21505690,ARB-20260811184108531,1,521,FILLED
972,1786473668529618400,2026-08-11T18:41:08.529634+00:00,BTC/USDT,binance,kraken,63371.62000000,77243.34000000,0.01,136.07515696,0.63371620,2.00832684,2.50,133.57515696,0.21057015,ARB-20260811184108529,1,1070,FILLED
971,1786473668528082500,2026-08-11T18:41:08.528098+00:00,BTC/USDT,binance,kraken,63371.62000000,77243.34000000,0.01,136.07515696,0.63371620,2.00832684,2.50,133.57515696,0.21057015,ARB-20260811184108528,1,540,FILLED
970,1786473668526706900,2026-08-11T18:41:08.526722+00:00,BTC/USDT,binance,kraken,63371.62000000,77243.34000000,0.01,136.07515696,0.63371620,2.00832684,2.50,133.57515696,0.21057015,ARB-20260811184108526,1,609,FILLED
969,1786473668525425300,2026-08-11T18:41:08.525441+00:00,BTC/USDT,binance,kraken,63371.62000000,77243.34000000,0.01,136.07515696,0.63371620,2.00832684,2.50,133.57515696,0.21057015,ARB-20260811184108525,1,522,FILLED
968,1786473668524123100,2026-08-11T18:41:08.524139+00:00,BTC/USDT,binance,kraken,63371.62000000,77243.34000000,0.01,136.07515696,0.63371620,2.00832684,2.50,133.57515696,0.21057015,ARB-20260811184108524,1,539,FILLED
967,1786473668522770200,2026-08-11T18:41:08.522786+00:00,BTC/USDT,binance,kraken,63371.62000000,77243.34000000,0.01,136.07515696,0.63371620,2.00832684,2.50,133.57515696,0.21057015,ARB-20260811184108522,1,538,FILLED
966,1786473668521393100,2026-08-11T18:41:08.521409+00:00,BTC/USDT,binance,kraken,63371.62000000,77243.34000000,0.01,136.07515696,0.63371620,2.00832684,2.50,133.57515696,0.21057015,ARB-20260811184108521,1,542,FILLED
965,1786473668520053400,2026-08-11T18:41:08.520069+00:00,BTC/USDT,binance,kraken,63371.62000000,77243.34000000,0.01,136.07515696,0.63371620,2.00832684,2.50,133.57515696,0.21057015,ARB-20260811184108520,1,530,FILLED
964,1786473668518686800,2026-08-11T18:41:08.518702+00:00,BTC/USDT,binance,kraken,63371.62000000,77243.34000000,0.01,136.07515696,0.63371620,2.00832684,2.50,133.57515696,0.21057015,ARB-20260811184108518,1,536,FILLED
963,1786473668517311000,2026-08-11T18:41:08.517327+00:00,BTC/USDT,binance,kraken,63371.62000000,77243.34000000,0.01,136.07515696,0.63371620,2.00832684,2.50,133.57515696,0.21057015,ARB-20260811184108517,1,545,FILLED
962,1786473668515922300,2026-08-11T18:41:08.515938+00:00,BTC/USDT,binance,kraken,63371.62000000,77243.34000000,0.01,136.07515696,0.63371620,2.00832684,2.50,133.57515696,0.21057015,ARB-20260811184108515,1,544,FILLED
961,1786473668514387900,2026-08-11T18:41:08.514409+00:00,BTC/USDT,binance,kraken,63371.62000000,77243.34000000,0.01,136.07515696,0.63371620,2.00832684,2.50,133.57515696,0.21057015,ARB-20260811184108514,1,649,FILLED
960,1786473668512634800,2026-08-11T18:41:08.512650+00:00,BTC/USDT,binance,kraken,63371.62000000,77243.34000000,0.01,136.07515696,0.63371620,2.00832684,2.50,133.57515696,0.21057015,ARB-20260811184108512,1,555,FILLED
959,1786473668511305300,2026-08-11T18:41:08.511321+00:00,BTC/USDT,binance,kraken,63371.62000000,77243.34000000,0.01,136.07515696,0.63371620,2.00832684,2.50,133.57515696,0.21057015,ARB-20260811184108511,1,527,FILLED
958,1786473668509935500,2026-08-11T18:41:08.509951+00:00,BTC/USDT,binance,kraken,63371.62000000,77243.34000000,0.01,136.07515696,0.63371620,2.00832684,2.50,133.57515696,0.21057015,ARB-20260811184108509,1,529,FILLED
957,1786473668508545700,2026-08-11T18:41:08.508561+00:00,BTC/USDT,binance,kraken,63371.62000000,77243.34000000,0.01,136.07515696,0.63371620,2.00832684,2.50,133.57515696,0.21057015,ARB-20260811184108508,1,561,FILLED
956,1786473668507106600,2026-08-11T18:41:08.507122+00:00,BTC/USDT,binance,kraken,63371.62000000,77243.34000000,0.01,136.07515696,0.63371620,2.00832684,2.50,133.57515696,0.21057015,ARB-20260811184108507,1,563,FILLED
955,1786473668505768700,2026-08-11T18:41:08.505785+00:00,BTC/USDT,binance,kraken,63371.62000000,77243.34000000,0.01,136.07515696,0.63371620,2.00832684,2.50,133.57515696,0.21057015,ARB-20260811184108505,1,531,FILLED
954,1786473668504370600,2026-08-11T18:41:08.504386+00:00,BTC/USDT,binance,kraken,63371.62000000,77243.34000000,0.01,136.07515696,0.63371620,2.00832684,2.50,133.57515696,0.21057015,ARB-20260811184108504,1,540,FILLED
953,1786473668502955000,2026-08-11T18:41:08.502971+00:00,BTC/USDT,binance,kraken,63371.62000000,77243.34000000,0.01,136.07515696,0.63371620,2.00832684,2.50,133.57515696,0.21057015,ARB-20260811184108502,1,581,FILLED
952,1786473668501653500,2026-08-11T18:41:08.501669+00:00,BTC/USDT,binance,kraken,63371.62000000,77243.34000000,0.01,136.07515696,0.63371620,2.00832684,2.50,133.57515696,0.21057015,ARB-20260811184108501,1,508,FILLED
951,1786473668500333000,2026-08-11T18:41:08.500349+00:00,BTC/USDT,binance,kraken,63371.62000000,77243.34000000,0.01,136.07515696,0.63371620,2.00832684,2.50,133.57515696,0.21057015,ARB-20260811184108500,1,529,FILLED
950,1786473668498985600,2026-08-11T18:41:08.499002+00:00,BTC/USDT,binance,kraken,63371.62000000,77243.34000000,0.01,136.07515696,0.63371620,2.00832684,2.50,133.57515696,0.21057015,ARB-20260811184108498,1,528,FILLED
949,1786473668497657700,2026-08-11T18:41:08.497673+00:00,BTC/USDT,binance,kraken,63371.62000000,77243.34000000,0.01,136.07515696,0.63371620,2.00832684,2.50,133.57515696,0.21057015,ARB-20260811184108497,1,526,FILLED
948,1786473668496285600,2026-08-11T18:41:08.496303+00:00,BTC/USDT,binance,kraken,63371.62000000,77243.34000000,0.01,136.07515696,0.63371620,2.00832684,2.50,133.57515696,0.21057015,ARB-20260811184108496,1,532,FILLED
947,1786473668494913900,2026-08-11T18:41:08.494929+00:00,BTC/USDT,binance,kraken,63371.62000000,77243.34000000,0.01,136.07515696,0.63371620,2.00832684,2.50,133.57515696,0.21057015,ARB-20260811184108494,1,525,FILLED
946,1786473668493524200,2026-08-11T18:41:08.493540+00:00,BTC/USDT,binance,kraken,63371.62000000,77243.34000000,0.01,136.07515696,0.63371620,2.00832684,2.50,133.57515696,0.21057015,ARB-20260811184108493,1,550,FILLED
945,1786473668492151100,2026-08-11T18:41:08.492166+00:00,BTC/USDT,binance,kraken,63371.62000000,77243.34000000,0.01,136.07515696,0.63371620,2.00832684,2.50,133.57515696,0.21057015,ARB-20260811184108492,1,525,FILLED
944,1786473668490696700,2026-08-11T18:41:08.490712+00:00,BTC/USDT,binance,kraken,63371.62000000,77243.34000000,0.01,136.07515696,0.63371620,2.00832684,2.50,133.57515696,0.21057015,ARB-20260811184108490,1,592,FILLED
943,1786473668489320100,2026-08-11T18:41:08.489335+00:00,BTC/USDT,binance,kraken,63371.62000000,77243.34000000,0.01,136.07515696,0.63371620,2.00832684,2.50,133.57515696,0.21057015,ARB-20260811184108489,1,540,FILLED
942,1786473668487939100,2026-08-11T18:41:08.487955+00:00,BTC/USDT,binance,kraken,63371.62000000,77243.34000000,0.01,136.07515696,0.63371620,2.00832684,2.50,133.57515696,0.21057015,ARB-20260811184108487,1,539,FILLED
941,1786473668486437800,2026-08-11T18:41:08.486453+00:00,BTC/USDT,binance,kraken,63371.62000000,77243.34000000,0.01,136.07515696,0.63371620,2.00832684,2.50,133.57515696,0.21057015,ARB-20260811184108486,1,597,FILLED
940,1786473668484989400,2026-08-11T18:41:08.485005+00:00,BTC/USDT,binance,kraken,63371.62000000,77243.34000000,0.01,136.07515696,0.63371620,2.00832684,2.50,133.57515696,0.21057015,ARB-20260811184108484,1,572,FILLED
939,1786473668483379400,2026-08-11T18:41:08.483395+00:00,BTC/USDT,binance,kraken,63371.62000000,77243.34000000,0.01,136.07515696,0.63371620,2.00832684,2.50,133.57515696,0.21057015,ARB-20260811184108483,1,596,FILLED
938,1786473668481651600,2026-08-11T18:41:08.481671+00:00,BTC/USDT,binance,kraken,63371.62000000,77243.34000000,0.01,136.07515696,0.63371620,2.00832684,2.50,133.57515696,0.21057015,ARB-20260811184108481,1,705,FILLED
937,1786473668048178500,2026-08-11T18:41:08.048196+00:00,BTC/USDT,binance,kraken,63679.11000000,76704.18000000,0.01,127.61960022,0.63679110,1.99430868,2.50,125.11960022,0.19628824,ARB-20260811184108048,1,9320,FILLED
936,1786473668032277700,2026-08-11T18:41:08.032295+00:00,BTC/USDT,binance,kraken,63679.11000000,76704.18000000,0.01,127.61960022,0.63679110,1.99430868,2.50,125.11960022,0.19628824,ARB-20260811184108032,1,14756,FILLED
935,1786473668016574200,2026-08-11T18:41:08.016592+00:00,BTC/USDT,binance,kraken,63679.11000000,76704.18000000,0.01,127.61960022,0.63679110,1.99430868,2.50,125.11960022,0.19628824,ARB-20260811184108016,1,14674,FILLED
934,1786473668001329400,2026-08-11T18:41:08.001346+00:00,BTC/USDT,binance,kraken,63679.11000000,76704.18000000,0.01,127.61960022,0.63679110,1.99430868,2.50,125.11960022,0.19628824,ARB-20260811184108001,1,14235,FILLED
933,1786473667986027300,2026-08-11T18:41:07.986044+00:00,BTC/USDT,binance,kraken,63679.11000000,76704.18000000,0.01,127.61960022,0.63679110,1.99430868,2.50,125.11960022,0.19628824,ARB-20260811184107986,1,14193,FILLED
932,1786473667970123400,2026-08-11T18:41:07.970140+00:00,BTC/USDT,binance,kraken,63731.06000000,76294.05000000,0.01,123.00894410,0.63731060,1.98364530,2.50,120.50894410,0.18890092,ARB-20260811184107970,1,14854,FILLED
931,1786473667954709900,2026-08-11T18:41:07.954727+00:00,BTC/USDT,binance,kraken,63731.06000000,76294.05000000,0.01,123.00894410,0.63731060,1.98364530,2.50,120.50894410,0.18890092,ARB-20260811184107954,1,14395,FILLED
930,1786473667938751900,2026-08-11T18:41:07.938769+00:00,BTC/USDT,binance,kraken,63731.06000000,76294.05000000,0.01,123.00894410,0.63731060,1.98364530,2.50,120.50894410,0.18890092,ARB-20260811184107938,1,14822,FILLED
929,1786473667923188700,2026-08-11T18:41:07.923208+00:00,BTC/USDT,binance,kraken,63731.06000000,76294.05000000,0.01,123.00894410,0.63731060,1.98364530,2.50,120.50894410,0.18890092,ARB-20260811184107923,1,14557,FILLED
928,1786473667907875000,2026-08-11T18:41:07.907893+00:00,BTC/USDT,binance,kraken,63731.06000000,76294.05000000,0.01,123.00894410,0.63731060,1.98364530,2.50,120.50894410,0.18890092,ARB-20260811184107907,1,14317,FILLED
927,1786473667892190400,2026-08-11T18:41:07.892208+00:00,BTC/USDT,binance,kraken,63731.06000000,76294.05000000,0.01,123.00894410,0.63731060,1.98364530,2.50,120.50894410,0.18890092,ARB-20260811184107892,1,14659,FILLED
926,1786473667877798400,2026-08-11T18:41:07.877816+00:00,BTC/USDT,binance,kraken,63731.06000000,76294.05000000,0.01,123.00894410,0.63731060,1.98364530,2.50,120.50894410,0.18890092,ARB-20260811184107877,1,13385,FILLED
925,1786473667861559300,2026-08-11T18:41:07.861577+00:00,BTC/USDT,binance,kraken,63860.22000000,75567.51000000,0.01,114.46954254,0.63860220,1.96475526,2.50,111.96954254,0.17516019,ARB-20260811184107861,1,15207,FILLED
924,1786473667845642200,2026-08-11T18:41:07.845660+00:00,BTC/USDT,binance,kraken,63860.22000000,75567.51000000,0.01,114.46954254,0.63860220,1.96475526,2.50,111.96954254,0.17516019,ARB-20260811184107845,1,14783,FILLED
923,1786473667829923200,2026-08-11T18:41:07.829940+00:00,BTC/USDT,binance,kraken,63860.22000000,75567.51000000,0.01,114.46954254,0.63860220,1.96475526,2.50,111.96954254,0.17516019,ARB-20260811184107829,1,14651,FILLED
922,1786473667814340900,2026-08-11T18:41:07.814359+00:00,BTC/USDT,binance,kraken,63860.22000000,75567.51000000,0.01,114.46954254,0.63860220,1.96475526,2.50,111.96954254,0.17516019,ARB-20260811184107814,1,14469,FILLED
921,1786473667799280300,2026-08-11T18:41:07.799297+00:00,BTC/USDT,binance,kraken,63860.22000000,75567.51000000,0.01,114.46954254,0.63860220,1.96475526,2.50,111.96954254,0.17516019,ARB-20260811184107799,1,14032,FILLED
920,1786473667783440800,2026-08-11T18:41:07.783458+00:00,BTC/USDT,binance,kraken,63860.22000000,75567.51000000,0.01,114.46954254,0.63860220,1.96475526,2.50,111.96954254,0.17516019,ARB-20260811184107783,1,14690,FILLED
919,1786473667768449200,2026-08-11T18:41:07.768466+00:00,BTC/USDT,binance,kraken,63860.22000000,75567.51000000,0.01,114.46954254,0.63860220,1.96475526,2.50,111.96954254,0.17516019,ARB-20260811184107768,1,13892,FILLED
918,1786473667752201000,2026-08-11T18:41:07.752218+00:00,BTC/USDT,binance,kraken,64242.05000000,74853.98000000,0.01,103.53067602,0.64242050,1.94620348,2.50,101.03067602,0.15710854,ARB-20260811184107752,1,15221,FILLED
917,1786473667736430400,2026-08-11T18:41:07.736448+00:00,BTC/USDT,binance,kraken,64242.05000000,74853.98000000,0.01,103.53067602,0.64242050,1.94620348,2.50,101.03067602,0.15710854,ARB-20260811184107736,1,14669,FILLED
916,1786473667721342400,2026-08-11T18:41:07.721361+00:00,BTC/USDT,binance,kraken,64242.05000000,74853.98000000,0.01,103.53067602,0.64242050,1.94620348,2.50,101.03067602,0.15710854,ARB-20260811184107721,1,14043,FILLED
915,1786473667706154800,2026-08-11T18:41:07.706173+00:00,BTC/USDT,binance,kraken,64242.05000000,74853.98000000,0.01,103.53067602,0.64242050,1.94620348,2.50,101.03067602,0.15710854,ARB-20260811184107706,1,14140,FILLED
914,1786473667691306500,2026-08-11T18:41:07.691325+00:00,BTC/USDT,binance,kraken,64242.05000000,74853.98000000,0.01,103.53067602,0.64242050,1.94620348,2.50,101.03067602,0.15710854,ARB-20260811184107691,1,13849,FILLED
913,1786473667675296300,2026-08-11T18:41:07.675314+00:00,BTC/USDT,binance,kraken,64242.05000000,74853.98000000,0.01,103.53067602,0.64242050,1.94620348,2.50,101.03067602,0.15710854,ARB-20260811184107675,1,14870,FILLED
912,1786473667660953200,2026-08-11T18:41:07.660970+00:00,BTC/USDT,binance,kraken,64242.05000000,74853.98000000,0.01,103.53067602,0.64242050,1.94620348,2.50,101.03067602,0.15710854,ARB-20260811184107660,1,13260,FILLED
911,1786473667644535300,2026-08-11T18:41:07.644553+00:00,BTC/USDT,binance,kraken,64800.19000000,74378.09000000,0.01,93.19716776,0.64800190,1.93383034,2.50,90.69716776,0.13982453,ARB-20260811184107644,1,15346,FILLED
910,1786473667628844500,2026-08-11T18:41:07.628861+00:00,BTC/USDT,binance,kraken,64800.19000000,74378.09000000,0.01,93.19716776,0.64800190,1.93383034,2.50,90.69716776,0.13982453,ARB-20260811184107628,1,14708,FILLED
909,1786473667613312700,2026-08-11T18:41:07.613330+00:00,BTC/USDT,binance,kraken,64800.19000000,74378.09000000,0.01,93.19716776,0.64800190,1.93383034,2.50,90.69716776,0.13982453,ARB-20260811184107613,1,14502,FILLED
908,1786473667598388000,2026-08-11T18:41:07.598407+00:00,BTC/USDT,binance,kraken,64800.19000000,74378.09000000,0.01,93.19716776,0.64800190,1.93383034,2.50,90.69716776,0.13982453,ARB-20260811184107598,1,13808,FILLED
907,1786473667582473100,2026-08-11T18:41:07.582492+00:00,BTC/USDT,binance,kraken,64800.19000000,74378.09000000,0.01,93.19716776,0.64800190,1.93383034,2.50,90.69716776,0.13982453,ARB-20260811184107582,1,14607,FILLED
906,1786473667566858700,2026-08-11T18:41:07.566877+00:00,BTC/USDT,binance,kraken,64800.19000000,74378.09000000,0.01,93.19716776,0.64800190,1.93383034,2.50,90.69716776,0.13982453,ARB-20260811184107566,1,14605,FILLED
905,1786473667551728000,2026-08-11T18:41:07.551744+00:00,BTC/USDT,binance,kraken,64800.19000000,74378.09000000,0.01,93.19716776,0.64800190,1.93383034,2.50,90.69716776,0.13982453,ARB-20260811184107551,1,13812,FILLED
904,1786473667535494200,2026-08-11T18:41:07.535511+00:00,BTC/USDT,binance,kraken,65126.64000000,74394.15000000,0.01,90.08958570,0.65126640,1.93424790,2.50,87.58958570,0.13435682,ARB-20260811184107535,1,15169,FILLED
903,1786473667520312100,2026-08-11T18:41:07.520329+00:00,BTC/USDT,binance,kraken,65126.64000000,74394.15000000,0.01,90.08958570,0.65126640,1.93424790,2.50,87.58958570,0.13435682,ARB-20260811184107520,1,14042,FILLED
902,1786473667504667700,2026-08-11T18:41:07.504687+00:00,BTC/USDT,binance,kraken,65126.64000000,74394.15000000,0.01,90.08958570,0.65126640,1.93424790,2.50,87.58958570,0.13435682,ARB-20260811184107504,1,14538,FILLED
901,1786473667489181300,2026-08-11T18:41:07.489198+00:00,BTC/USDT,binance,kraken,65126.64000000,74394.15000000,0.01,90.08958570,0.65126640,1.93424790,2.50,87.58958570,0.13435682,ARB-20260811184107489,1,14387,FILLED
900,1786473667473599200,2026-08-11T18:41:07.473615+00:00,BTC/USDT,binance,kraken,65126.64000000,74394.15000000,0.01,90.08958570,0.65126640,1.93424790,2.50,87.58958570,0.13435682,ARB-20260811184107473,1,14525,FILLED
899,1786473667457764700,2026-08-11T18:41:07.457782+00:00,BTC/USDT,binance,kraken,65126.64000000,74394.15000000,0.01,90.08958570,0.65126640,1.93424790,2.50,87.58958570,0.13435682,ARB-20260811184107457,1,14742,FILLED
898,1786473667443241000,2026-08-11T18:41:07.443258+00:00,BTC/USDT,binance,kraken,65126.64000000,74394.15000000,0.01,90.08958570,0.65126640,1.93424790,2.50,87.58958570,0.13435682,ARB-20260811184107443,1,13342,FILLED
897,1786473667426573200,2026-08-11T18:41:07.426590+00:00,BTC/USDT,binance,kraken,65494.01000000,74507.76000000,0.01,87.54535814,0.65494010,1.93720176,2.50,85.04535814,0.12972239,ARB-20260811184107426,1,15525,FILLED
896,1786473667411681400,2026-08-11T18:41:07.411698+00:00,BTC/USDT,binance,kraken,65494.01000000,74507.76000000,0.01,87.54535814,0.65494010,1.93720176,2.50,85.04535814,0.12972239,ARB-20260811184107411,1,13910,FILLED
895,1786473667395660100,2026-08-11T18:41:07.395677+00:00,BTC/USDT,binance,kraken,65494.01000000,74507.76000000,0.01,87.54535814,0.65494010,1.93720176,2.50,85.04535814,0.12972239,ARB-20260811184107395,1,14434,FILLED
894,1786473667379977500,2026-08-11T18:41:07.379995+00:00,BTC/USDT,binance,kraken,65494.01000000,74507.76000000,0.01,87.54535814,0.65494010,1.93720176,2.50,85.04535814,0.12972239,ARB-20260811184107379,1,14610,FILLED
893,1786473667364652000,2026-08-11T18:41:07.364669+00:00,BTC/USDT,binance,kraken,65494.01000000,74507.76000000,0.01,87.54535814,0.65494010,1.93720176,2.50,85.04535814,0.12972239,ARB-20260811184107364,1,14246,FILLED
892,1786473667348881700,2026-08-11T18:41:07.348898+00:00,BTC/USDT,binance,kraken,65494.01000000,74507.76000000,0.01,87.54535814,0.65494010,1.93720176,2.50,85.04535814,0.12972239,ARB-20260811184107348,1,14682,FILLED
891,1786473667334281500,2026-08-11T18:41:07.334302+00:00,BTC/USDT,binance,kraken,65494.01000000,74507.76000000,0.01,87.54535814,0.65494010,1.93720176,2.50,85.04535814,0.12972239,ARB-20260811184107334,1,13441,FILLED
890,1786473667317736600,2026-08-11T18:41:07.317762+00:00,BTC/USDT,binance,kraken,65795.15000000,74381.15000000,0.01,83.26813860,0.65795150,1.93390990,2.50,80.76813860,0.12263434,ARB-20260811184107317,1,15480,FILLED
889,1786473667302131100,2026-08-11T18:41:07.302148+00:00,BTC/USDT,binance,kraken,65795.15000000,74381.15000000,0.01,83.26813860,0.65795150,1.93390990,2.50,80.76813860,0.12263434,ARB-20260811184107302,1,14573,FILLED
888,1786473667286332500,2026-08-11T18:41:07.286350+00:00,BTC/USDT,binance,kraken,65795.15000000,74381.15000000,0.01,83.26813860,0.65795150,1.93390990,2.50,80.76813860,0.12263434,ARB-20260811184107286,1,14671,FILLED
887,1786473667270364900,2026-08-11T18:41:07.270383+00:00,BTC/USDT,binance,kraken,65795.15000000,74381.15000000,0.01,83.26813860,0.65795150,1.93390990,2.50,80.76813860,0.12263434,ARB-20260811184107270,1,14931,FILLED
886,1786473667254689600,2026-08-11T18:41:07.254708+00:00,BTC/USDT,binance,kraken,65795.15000000,74381.15000000,0.01,83.26813860,0.65795150,1.93390990,2.50,80.76813860,0.12263434,ARB-20260811184107254,1,14556,FILLED
885,1786473667238815500,2026-08-11T18:41:07.238834+00:00,BTC/USDT,binance,kraken,65795.15000000,74381.15000000,0.01,83.26813860,0.65795150,1.93390990,2.50,80.76813860,0.12263434,ARB-20260811184107238,1,14637,FILLED
884,1786473667224116000,2026-08-11T18:41:07.224133+00:00,BTC/USDT,binance,kraken,65795.15000000,74381.15000000,0.01,83.26813860,0.65795150,1.93390990,2.50,80.76813860,0.12263434,ARB-20260811184107224,1,13669,FILLED
883,1786473667208267000,2026-08-11T18:41:07.208289+00:00,BTC/USDT,binance,kraken,66073.66000000,74617.98000000,0.01,82.84239592,0.66073660,1.94006748,2.50,80.34239592,0.12147372,ARB-20260811184107208,1,14728,FILLED
882,1786473667192197400,2026-08-11T18:41:07.192215+00:00,BTC/USDT,binance,kraken,66073.66000000,74617.98000000,0.01,82.84239592,0.66073660,1.94006748,2.50,80.34239592,0.12147372,ARB-20260811184107192,1,15000,FILLED
881,1786473667176426300,2026-08-11T18:41:07.176444+00:00,BTC/USDT,binance,kraken,66073.66000000,74617.98000000,0.01,82.84239592,0.66073660,1.94006748,2.50,80.34239592,0.12147372,ARB-20260811184107176,1,14679,FILLED
880,1786473667160359900,2026-08-11T18:41:07.160377+00:00,BTC/USDT,binance,kraken,66073.66000000,74617.98000000,0.01,82.84239592,0.66073660,1.94006748,2.50,80.34239592,0.12147372,ARB-20260811184107160,1,15042,FILLED
879,1786473667144543600,2026-08-11T18:41:07.144562+00:00,BTC/USDT,binance,kraken,66073.66000000,74617.98000000,0.01,82.84239592,0.66073660,1.94006748,2.50,80.34239592,0.12147372,ARB-20260811184107144,1,14783,FILLED
878,1786473667128993100,2026-08-11T18:41:07.129011+00:00,BTC/USDT,binance,kraken,66073.66000000,74617.98000000,0.01,82.84239592,0.66073660,1.94006748,2.50,80.34239592,0.12147372,ARB-20260811184107128,1,14547,FILLED
877,1786473667114507100,2026-08-11T18:41:07.114524+00:00,BTC/USDT,binance,kraken,66073.66000000,74617.98000000,0.01,82.84239592,0.66073660,1.94006748,2.50,80.34239592,0.12147372,ARB-20260811184107114,1,13454,FILLED
876,1786473667098637100,2026-08-11T18:41:07.098655+00:00,BTC/USDT,binance,kraken,66460.76000000,74767.65000000,0.01,80.46033350,0.66460760,1.94395890,2.50,77.96033350,0.11718562,ARB-20260811184107098,1,14754,FILLED
875,1786473667083487100,2026-08-11T18:41:07.083507+00:00,BTC/USDT,binance,kraken,66460.76000000,74767.65000000,0.01,80.46033350,0.66460760,1.94395890,2.50,77.96033350,0.11718562,ARB-20260811184107083,1,13999,FILLED
874,1786473667068096900,2026-08-11T18:41:07.068115+00:00,BTC/USDT,binance,kraken,66460.76000000,74767.65000000,0.01,80.46033350,0.66460760,1.94395890,2.50,77.96033350,0.11718562,ARB-20260811184107068,1,14179,FILLED
873,1786473667052809200,2026-08-11T18:41:07.052828+00:00,BTC/USDT,binance,kraken,66460.76000000,74767.65000000,0.01,80.46033350,0.66460760,1.94395890,2.50,77.96033350,0.11718562,ARB-20260811184107052,1,14179,FILLED
872,1786473667037499300,2026-08-11T18:41:07.037522+00:00,BTC/USDT,binance,kraken,66460.76000000,74767.65000000,0.01,80.46033350,0.66460760,1.94395890,2.50,77.96033350,0.11718562,ARB-20260811184107037,1,14169,FILLED
871,1786473667021302000,2026-08-11T18:41:07.021321+00:00,BTC/USDT,binance,kraken,66460.76000000,74767.65000000,0.01,80.46033350,0.66460760,1.94395890,2.50,77.96033350,0.11718562,ARB-20260811184107021,1,14916,FILLED
870,1786473667006411600,2026-08-11T18:41:07.006429+00:00,BTC/USDT,binance,kraken,66460.76000000,74767.65000000,0.01,80.46033350,0.66460760,1.94395890,2.50,77.96033350,0.11718562,ARB-20260811184107006,1,13800,FILLED
869,1786473666989644300,2026-08-11T18:41:06.989662+00:00,BTC/USDT,binance,kraken,66780.90000000,74629.28000000,0.01,75.87562972,0.66780900,1.94036128,2.50,73.37562972,0.10976541,ARB-20260811184106989,1,15600,FILLED
868,1786473666973564900,2026-08-11T18:41:06.973584+00:00,BTC/USDT,binance,kraken,66780.90000000,74629.28000000,0.01,75.87562972,0.66780900,1.94036128,2.50,73.37562972,0.10976541,ARB-20260811184106973,1,14889,FILLED
867,1786473666958271600,2026-08-11T18:41:06.958290+00:00,BTC/USDT,binance,kraken,66780.90000000,74629.28000000,0.01,75.87562972,0.66780900,1.94036128,2.50,73.37562972,0.10976541,ARB-20260811184106958,1,14010,FILLED
866,1786473666943071500,2026-08-11T18:41:06.943089+00:00,BTC/USDT,binance,kraken,66780.90000000,74629.28000000,0.01,75.87562972,0.66780900,1.94036128,2.50,73.37562972,0.10976541,ARB-20260811184106943,1,13973,FILLED
865,1786473666927271100,2026-08-11T18:41:06.927295+00:00,BTC/USDT,binance,kraken,66780.90000000,74629.28000000,0.01,75.87562972,0.66780900,1.94036128,2.50,73.37562972,0.10976541,ARB-20260811184106927,1,14597,FILLED
864,1786473666912052500,2026-08-11T18:41:06.912072+00:00,BTC/USDT,binance,kraken,66780.90000000,74629.28000000,0.01,75.87562972,0.66780900,1.94036128,2.50,73.37562972,0.10976541,ARB-20260811184106912,1,13821,FILLED
863,1786473666896550200,2026-08-11T18:41:06.896568+00:00,BTC/USDT,binance,kraken,66780.90000000,74629.28000000,0.01,75.87562972,0.66780900,1.94036128,2.50,73.37562972,0.10976541,ARB-20260811184106896,1,14247,FILLED
862,1786473666880406800,2026-08-11T18:41:06.880424+00:00,BTC/USDT,binance,kraken,67041.80000000,74554.17000000,0.01,72.51487358,0.67041800,1.93840842,2.50,70.01487358,0.10433033,ARB-20260811184106880,1,14991,FILLED
861,1786473666865323500,2026-08-11T18:41:06.865343+00:00,BTC/USDT,binance,kraken,67041.80000000,74554.17000000,0.01,72.51487358,0.67041800,1.93840842,2.50,70.01487358,0.10433033,ARB-20260811184106865,1,13933,FILLED
860,1786473666849149400,2026-08-11T18:41:06.849166+00:00,BTC/USDT,binance,kraken,67041.80000000,74554.17000000,0.01,72.51487358,0.67041800,1.93840842,2.50,70.01487358,0.10433033,ARB-20260811184106849,1,14971,FILLED
859,1786473666833464700,2026-08-11T18:41:06.833482+00:00,BTC/USDT,binance,kraken,67041.80000000,74554.17000000,0.01,72.51487358,0.67041800,1.93840842,2.50,70.01487358,0.10433033,ARB-20260811184106833,1,14648,FILLED
858,1786473666817697600,2026-08-11T18:41:06.817718+00:00,BTC/USDT,binance,kraken,67041.80000000,74554.17000000,0.01,72.51487358,0.67041800,1.93840842,2.50,70.01487358,0.10433033,ARB-20260811184106817,1,14696,FILLED
857,1786473666802255200,2026-08-11T18:41:06.802272+00:00,BTC/USDT,binance,kraken,67041.80000000,74554.17000000,0.01,72.51487358,0.67041800,1.93840842,2.50,70.01487358,0.10433033,ARB-20260811184106802,1,14382,FILLED
856,1786473666787556300,2026-08-11T18:41:06.787605+00:00,BTC/USDT,binance,kraken,67041.80000000,74554.17000000,0.01,72.51487358,0.67041800,1.93840842,2.50,70.01487358,0.10433033,ARB-20260811184106787,1,13447,FILLED
855,1786473666771072800,2026-08-11T18:41:06.771091+00:00,BTC/USDT,binance,kraken,67274.52000000,74367.38000000,0.01,68.32230292,0.67274520,1.93355188,2.50,65.82230292,0.09774361,ARB-20260811184106771,1,15230,FILLED
854,1786473666755316000,2026-08-11T18:41:06.755334+00:00,BTC/USDT,binance,kraken,67274.52000000,74367.38000000,0.01,68.32230292,0.67274520,1.93355188,2.50,65.82230292,0.09774361,ARB-20260811184106755,1,14694,FILLED
853,1786473666739264500,2026-08-11T18:41:06.739282+00:00,BTC/USDT,binance,kraken,67274.52000000,74367.38000000,0.01,68.32230292,0.67274520,1.93355188,2.50,65.82230292,0.09774361,ARB-20260811184106739,1,15006,FILLED
852,1786473666723512100,2026-08-11T18:41:06.723529+00:00,BTC/USDT,binance,kraken,67274.52000000,74367.38000000,0.01,68.32230292,0.67274520,1.93355188,2.50,65.82230292,0.09774361,ARB-20260811184106723,1,14643,FILLED
851,1786473666707877300,2026-08-11T18:41:06.707895+00:00,BTC/USDT,binance,kraken,67274.52000000,74367.38000000,0.01,68.32230292,0.67274520,1.93355188,2.50,65.82230292,0.09774361,ARB-20260811184106707,1,14533,FILLED
850,1786473666692209200,2026-08-11T18:41:06.692226+00:00,BTC/USDT,binance,kraken,67274.52000000,74367.38000000,0.01,68.32230292,0.67274520,1.93355188,2.50,65.82230292,0.09774361,ARB-20260811184106692,1,14600,FILLED
849,1786473666677559500,2026-08-11T18:41:06.677577+00:00,BTC/USDT,binance,kraken,67274.52000000,74367.38000000,0.01,68.32230292,0.67274520,1.93355188,2.50,65.82230292,0.09774361,ARB-20260811184106677,1,13557,FILLED
848,1786473666661821900,2026-08-11T18:41:06.661840+00:00,BTC/USDT,binance,kraken,67455.27000000,74324.59000000,0.01,66.08620796,0.67455270,1.93243934,2.50,63.58620796,0.09417009,ARB-20260811184106661,1,14709,FILLED
847,1786473666646690200,2026-08-11T18:41:06.646711+00:00,BTC/USDT,binance,kraken,67455.27000000,74324.59000000,0.01,66.08620796,0.67455270,1.93243934,2.50,63.58620796,0.09417009,ARB-20260811184106646,1,13901,FILLED
846,1786473666631273100,2026-08-11T18:41:06.631291+00:00,BTC/USDT,binance,kraken,67455.27000000,74324.59000000,0.01,66.08620796,0.67455270,1.93243934,2.50,63.58620796,0.09417009,ARB-20260811184106631,1,14172,FILLED
845,1786473666615432300,2026-08-11T18:41:06.615450+00:00,BTC/USDT,binance,kraken,67455.27000000,74324.59000000,0.01,66.08620796,0.67455270,1.93243934,2.50,63.58620796,0.09417009,ARB-20260811184106615,1,14613,FILLED
844,1786473666600205500,2026-08-11T18:41:06.600223+00:00,BTC/USDT,binance,kraken,67455.27000000,74324.59000000,0.01,66.08620796,0.67455270,1.93243934,2.50,63.58620796,0.09417009,ARB-20260811184106600,1,14124,FILLED
843,1786473666584162400,2026-08-11T18:41:06.584180+00:00,BTC/USDT,binance,kraken,67455.27000000,74324.59000000,0.01,66.08620796,0.67455270,1.93243934,2.50,63.58620796,0.09417009,ARB-20260811184106584,1,14906,FILLED
842,1786473666569722600,2026-08-11T18:41:06.569740+00:00,BTC/USDT,binance,kraken,67455.27000000,74324.59000000,0.01,66.08620796,0.67455270,1.93243934,2.50,63.58620796,0.09417009,ARB-20260811184106569,1,13260,FILLED
841,1786473666553780700,2026-08-11T18:41:06.553798+00:00,BTC/USDT,binance,kraken,67785.18000000,74577.90000000,0.01,65.31032280,0.67785180,1.93902540,2.50,62.81032280,0.09256828,ARB-20260811184106553,1,14775,FILLED
840,1786473666538404000,2026-08-11T18:41:06.538445+00:00,BTC/USDT,binance,kraken,67785.18000000,74577.90000000,0.01,65.31032280,0.67785180,1.93902540,2.50,62.81032280,0.09256828,ARB-20260811184106538,1,14250,FILLED
839,1786473666522827600,2026-08-11T18:41:06.522864+00:00,BTC/USDT,binance,kraken,67785.18000000,74577.90000000,0.01,65.31032280,0.67785180,1.93902540,2.50,62.81032280,0.09256828,ARB-20260811184106522,1,14328,FILLED
838,1786473666507119500,2026-08-11T18:41:06.507141+00:00,BTC/USDT,binance,kraken,67785.18000000,74577.90000000,0.01,65.31032280,0.67785180,1.93902540,2.50,62.81032280,0.09256828,ARB-20260811184106507,1,13988,FILLED
837,1786473666492110600,2026-08-11T18:41:06.492129+00:00,BTC/USDT,binance,kraken,67785.18000000,74577.90000000,0.01,65.31032280,0.67785180,1.93902540,2.50,62.81032280,0.09256828,ARB-20260811184106492,1,13857,FILLED
836,1786473666475531700,2026-08-11T18:41:06.475552+00:00,BTC/USDT,binance,kraken,67785.18000000,74577.90000000,0.01,65.31032280,0.67785180,1.93902540,2.50,62.81032280,0.09256828,ARB-20260811184106475,1,14810,FILLED
835,1786473666460884200,2026-08-11T18:41:06.460902+00:00,BTC/USDT,binance,kraken,67785.18000000,74577.90000000,0.01,65.31032280,0.67785180,1.93902540,2.50,62.81032280,0.09256828,ARB-20260811184106460,1,13414,FILLED
834,1786473666445172400,2026-08-11T18:41:06.445191+00:00,BTC/USDT,binance,kraken,68425.76000000,74477.11000000,0.01,57.89283754,0.68425760,1.93640486,2.50,55.39283754,0.08087232,ARB-20260811184106445,1,14627,FILLED
833,1786473666430448800,2026-08-11T18:41:06.430467+00:00,BTC/USDT,binance,kraken,68425.76000000,74477.11000000,0.01,57.89283754,0.68425760,1.93640486,2.50,55.39283754,0.08087232,ARB-20260811184106430,1,13763,FILLED
832,1786473666414940700,2026-08-11T18:41:06.414958+00:00,BTC/USDT,binance,kraken,68425.76000000,74477.11000000,0.01,57.89283754,0.68425760,1.93640486,2.50,55.39283754,0.08087232,ARB-20260811184106414,1,14335,FILLED
831,1786473666399475700,2026-08-11T18:41:06.399492+00:00,BTC/USDT,binance,kraken,68425.76000000,74477.11000000,0.01,57.89283754,0.68425760,1.93640486,2.50,55.39283754,0.08087232,ARB-20260811184106399,1,14280,FILLED
830,1786473666384351200,2026-08-11T18:41:06.384378+00:00,BTC/USDT,binance,kraken,68425.76000000,74477.11000000,0.01,57.89283754,0.68425760,1.93640486,2.50,55.39283754,0.08087232,ARB-20260811184106384,1,14071,FILLED
829,1786473666368262400,2026-08-11T18:41:06.368288+00:00,BTC/USDT,binance,kraken,68425.76000000,74477.11000000,0.01,57.89283754,0.68425760,1.93640486,2.50,55.39283754,0.08087232,ARB-20260811184106368,1,14888,FILLED
828,1786473666352838000,2026-08-11T18:41:06.352857+00:00,BTC/USDT,binance,kraken,68425.76000000,74477.11000000,0.01,57.89283754,0.68425760,1.93640486,2.50,55.39283754,0.08087232,ARB-20260811184106352,1,14208,FILLED
827,1786473666337172100,2026-08-11T18:41:06.337191+00:00,BTC/USDT,binance,kraken,69325.04000000,74673.38000000,0.01,50.84864172,0.69325040,1.94150788,2.50,48.34864172,0.06967229,ARB-20260811184106337,1,14446,FILLED
826,1786473666320977400,2026-08-11T18:41:06.320997+00:00,BTC/USDT,binance,kraken,69325.04000000,74673.38000000,0.01,50.84864172,0.69325040,1.94150788,2.50,48.34864172,0.06967229,ARB-20260811184106320,1,14916,FILLED
825,1786473666306328400,2026-08-11T18:41:06.306353+00:00,BTC/USDT,binance,kraken,69325.04000000,74673.38000000,0.01,50.84864172,0.69325040,1.94150788,2.50,48.34864172,0.06967229,ARB-20260811184106306,1,13464,FILLED
824,1786473666290305800,2026-08-11T18:41:06.290324+00:00,BTC/USDT,binance,kraken,69325.04000000,74673.38000000,0.01,50.84864172,0.69325040,1.94150788,2.50,48.34864172,0.06967229,ARB-20260811184106290,1,14294,FILLED
823,1786473666274679300,2026-08-11T18:41:06.274698+00:00,BTC/USDT,binance,kraken,69325.04000000,74673.38000000,0.01,50.84864172,0.69325040,1.94150788,2.50,48.34864172,0.06967229,ARB-20260811184106274,1,13944,FILLED
822,1786473666259428400,2026-08-11T18:41:06.259448+00:00,BTC/USDT,binance,kraken,69325.04000000,74673.38000000,0.01,50.84864172,0.69325040,1.94150788,2.50,48.34864172,0.06967229,ARB-20260811184106259,1,14043,FILLED
821,1786473666245075400,2026-08-11T18:41:06.245093+00:00,BTC/USDT,binance,kraken,69325.04000000,74673.38000000,0.01,50.84864172,0.69325040,1.94150788,2.50,48.34864172,0.06967229,ARB-20260811184106245,1,13186,FILLED
820,1786473666228222500,2026-08-11T18:41:06.228242+00:00,BTC/USDT,binance,kraken,69864.63000000,74709.13000000,0.01,45.80391632,0.69864630,1.94243738,2.50,43.30391632,0.06192068,ARB-20260811184106228,1,15696,FILLED
819,1786473666212845400,2026-08-11T18:41:06.212864+00:00,BTC/USDT,binance,kraken,69864.63000000,74709.13000000,0.01,45.80391632,0.69864630,1.94243738,2.50,43.30391632,0.06192068,ARB-20260811184106212,1,14175,FILLED
818,1786473666196966600,2026-08-11T18:41:06.196985+00:00,BTC/USDT,binance,kraken,69864.63000000,74709.13000000,0.01,45.80391632,0.69864630,1.94243738,2.50,43.30391632,0.06192068,ARB-20260811184106196,1,14020,FILLED
817,1786473666182008300,2026-08-11T18:41:06.182028+00:00,BTC/USDT,binance,kraken,69864.63000000,74709.13000000,0.01,45.80391632,0.69864630,1.94243738,2.50,43.30391632,0.06192068,ARB-20260811184106181,1,13797,FILLED
816,1786473666165696900,2026-08-11T18:41:06.165715+00:00,BTC/USDT,binance,kraken,69864.63000000,74709.13000000,0.01,45.80391632,0.69864630,1.94243738,2.50,43.30391632,0.06192068,ARB-20260811184106165,1,15030,FILLED
815,1786473666150262300,2026-08-11T18:41:06.150281+00:00,BTC/USDT,binance,kraken,69864.63000000,74709.13000000,0.01,45.80391632,0.69864630,1.94243738,2.50,43.30391632,0.06192068,ARB-20260811184106150,1,14308,FILLED
814,1786473666135628200,2026-08-11T18:41:06.135647+00:00,BTC/USDT,binance,kraken,69864.63000000,74709.13000000,0.01,45.80391632,0.69864630,1.94243738,2.50,43.30391632,0.06192068,ARB-20260811184106135,1,13376,FILLED
813,1786473666119752400,2026-08-11T18:41:06.119771+00:00,BTC/USDT,binance,kraken,70539.73000000,74690.50000000,0.01,38.86034970,0.70539730,1.94195300,2.50,36.36034970,0.05149442,ARB-20260811184106119,1,14690,FILLED
812,1786473666104144700,2026-08-11T18:41:06.104162+00:00,BTC/USDT,binance,kraken,70539.73000000,74690.50000000,0.01,38.86034970,0.70539730,1.94195300,2.50,36.36034970,0.05149442,ARB-20260811184106104,1,14329,FILLED
811,1786473666088506100,2026-08-11T18:41:06.088524+00:00,BTC/USDT,binance,kraken,70539.73000000,74690.50000000,0.01,38.86034970,0.70539730,1.94195300,2.50,36.36034970,0.05149442,ARB-20260811184106088,1,14503,FILLED
810,1786473666073387300,2026-08-11T18:41:06.073405+00:00,BTC/USDT,binance,kraken,70539.73000000,74690.50000000,0.01,38.86034970,0.70539730,1.94195300,2.50,36.36034970,0.05149442,ARB-20260811184106073,1,14002,FILLED
809,1786473666058707700,2026-08-11T18:41:06.058727+00:00,BTC/USDT,binance,kraken,70539.73000000,74690.50000000,0.01,38.86034970,0.70539730,1.94195300,2.50,36.36034970,0.05149442,ARB-20260811184106058,1,13505,FILLED
808,1786473666042991200,2026-08-11T18:41:06.043011+00:00,BTC/USDT,binance,kraken,70539.73000000,74690.50000000,0.01,38.86034970,0.70539730,1.94195300,2.50,36.36034970,0.05149442,ARB-20260811184106042,1,14093,FILLED
807,1786473666028608900,2026-08-11T18:41:06.028627+00:00,BTC/USDT,binance,kraken,70539.73000000,74690.50000000,0.01,38.86034970,0.70539730,1.94195300,2.50,36.36034970,0.05149442,ARB-20260811184106028,1,13170,FILLED
806,1786473666012681200,2026-08-11T18:41:06.012699+00:00,BTC/USDT,binance,kraken,71105.24000000,74346.05000000,0.01,29.76405030,0.71105240,1.93299730,2.50,27.26405030,0.03830493,ARB-20260811184106012,1,14784,FILLED
805,1786473665997532400,2026-08-11T18:41:05.997552+00:00,BTC/USDT,binance,kraken,71105.24000000,74346.05000000,0.01,29.76405030,0.71105240,1.93299730,2.50,27.26405030,0.03830493,ARB-20260811184105997,1,14013,FILLED
804,1786473665982094800,2026-08-11T18:41:05.982113+00:00,BTC/USDT,binance,kraken,71105.24000000,74346.05000000,0.01,29.76405030,0.71105240,1.93299730,2.50,27.26405030,0.03830493,ARB-20260811184105982,1,14131,FILLED
803,1786473665966071300,2026-08-11T18:41:05.966090+00:00,BTC/USDT,binance,kraken,71105.24000000,74346.05000000,0.01,29.76405030,0.71105240,1.93299730,2.50,27.26405030,0.03830493,ARB-20260811184105966,1,14873,FILLED
802,1786473665950921700,2026-08-11T18:41:05.950939+00:00,BTC/USDT,binance,kraken,71105.24000000,74346.05000000,0.01,29.76405030,0.71105240,1.93299730,2.50,27.26405030,0.03830493,ARB-20260811184105950,1,14036,FILLED
801,1786473665935475600,2026-08-11T18:41:05.935495+00:00,BTC/USDT,binance,kraken,71105.24000000,74346.05000000,0.01,29.76405030,0.71105240,1.93299730,2.50,27.26405030,0.03830493,ARB-20260811184105935,1,14286,FILLED
800,1786473665921000000,2026-08-11T18:41:05.921018+00:00,BTC/USDT,binance,kraken,71105.24000000,74346.05000000,0.01,29.76405030,0.71105240,1.93299730,2.50,27.26405030,0.03830493,ARB-20260811184105920,1,13211,FILLED
799,1786473665905099800,2026-08-11T18:41:05.905118+00:00,BTC/USDT,binance,kraken,71075.41000000,74207.28000000,0.01,28.67855662,0.71075410,1.92938928,2.50,26.17855662,0.03679529,ARB-20260811184105905,1,14754,FILLED
798,1786473665890525300,2026-08-11T18:41:05.890543+00:00,BTC/USDT,binance,kraken,71075.41000000,74207.28000000,0.01,28.67855662,0.71075410,1.92938928,2.50,26.17855662,0.03679529,ARB-20260811184105890,1,13403,FILLED
797,1786473665874417100,2026-08-11T18:41:05.874441+00:00,BTC/USDT,binance,kraken,71075.41000000,74207.28000000,0.01,28.67855662,0.71075410,1.92938928,2.50,26.17855662,0.03679529,ARB-20260811184105874,1,14474,FILLED
796,1786473665858966400,2026-08-11T18:41:05.858984+00:00,BTC/USDT,binance,kraken,71075.41000000,74207.28000000,0.01,28.67855662,0.71075410,1.92938928,2.50,26.17855662,0.03679529,ARB-20260811184105858,1,13980,FILLED
795,1786473665843485800,2026-08-11T18:41:05.843508+00:00,BTC/USDT,binance,kraken,71075.41000000,74207.28000000,0.01,28.67855662,0.71075410,1.92938928,2.50,26.17855662,0.03679529,ARB-20260811184105843,1,14197,FILLED
794,1786473665828219400,2026-08-11T18:41:05.828237+00:00,BTC/USDT,binance,kraken,71075.41000000,74207.28000000,0.01,28.67855662,0.71075410,1.92938928,2.50,26.17855662,0.03679529,ARB-20260811184105828,1,14087,FILLED
793,1786473665813594800,2026-08-11T18:41:05.813614+00:00,BTC/USDT,binance,kraken,71075.41000000,74207.28000000,0.01,28.67855662,0.71075410,1.92938928,2.50,26.17855662,0.03679529,ARB-20260811184105813,1,13495,FILLED
792,1786473665797847700,2026-08-11T18:41:05.797869+00:00,BTC/USDT,binance,kraken,71174.15000000,74200.29000000,0.01,27.62045096,0.71174150,1.92920754,2.50,25.12045096,0.03525909,ARB-20260811184105797,1,14503,FILLED
791,1786473665781675800,2026-08-11T18:41:05.781694+00:00,BTC/USDT,binance,kraken,71174.15000000,74200.29000000,0.01,27.62045096,0.71174150,1.92920754,2.50,25.12045096,0.03525909,ARB-20260811184105781,1,14882,FILLED
790,1786473665766476400,2026-08-11T18:41:05.766493+00:00,BTC/USDT,binance,kraken,71174.15000000,74200.29000000,0.01,27.62045096,0.71174150,1.92920754,2.50,25.12045096,0.03525909,ARB-20260811184105766,1,13971,FILLED
789,1786473665751363700,2026-08-11T18:41:05.751381+00:00,BTC/USDT,binance,kraken,71174.15000000,74200.29000000,0.01,27.62045096,0.71174150,1.92920754,2.50,25.12045096,0.03525909,ARB-20260811184105751,1,14092,FILLED
788,1786473665735544200,2026-08-11T18:41:05.735561+00:00,BTC/USDT,binance,kraken,71174.15000000,74200.29000000,0.01,27.62045096,0.71174150,1.92920754,2.50,25.12045096,0.03525909,ARB-20260811184105735,1,14665,FILLED
787,1786473665720306400,2026-08-11T18:41:05.720323+00:00,BTC/USDT,binance,kraken,71174.15000000,74200.29000000,0.01,27.62045096,0.71174150,1.92920754,2.50,25.12045096,0.03525909,ARB-20260811184105720,1,14227,FILLED
786,1786473665711995800,2026-08-11T18:41:05.712013+00:00,BTC/USDT,binance,kraken,71174.15000000,74200.29000000,0.01,27.62045096,0.71174150,1.92920754,2.50,25.12045096,0.03525909,ARB-20260811184105711,1,7210,FILLED
785,1786473665669127100,2026-08-11T18:41:05.669148+00:00,BTC/USDT,binance,kraken,71324.88000000,73713.24000000,0.01,21.25380696,0.71324880,1.91654424,2.50,18.75380696,0.02626723,ARB-20260811184105669,1,1228,FILLED
784,1786473665365063700,2026-08-11T18:41:05.365082+00:00,BTC/USDT,binance,kraken,71324.88000000,73713.24000000,0.01,21.25380696,0.71324880,1.91654424,2.50,18.75380696,0.02626723,ARB-20260811184105365,1,14082,FILLED
783,1786473665349064300,2026-08-11T18:41:05.349083+00:00,BTC/USDT,binance,kraken,71324.88000000,73713.24000000,0.01,21.25380696,0.71324880,1.91654424,2.50,18.75380696,0.02626723,ARB-20260811184105349,1,14932,FILLED
782,1786473665333942300,2026-08-11T18:41:05.333960+00:00,BTC/USDT,binance,kraken,71324.88000000,73713.24000000,0.01,21.25380696,0.71324880,1.91654424,2.50,18.75380696,0.02626723,ARB-20260811184105333,1,14133,FILLED
781,1786473665318878600,2026-08-11T18:41:05.318897+00:00,BTC/USDT,binance,kraken,71324.88000000,73713.24000000,0.01,21.25380696,0.71324880,1.91654424,2.50,18.75380696,0.02626723,ARB-20260811184105318,1,13913,FILLED
780,1786473665303021700,2026-08-11T18:41:05.303039+00:00,BTC/USDT,binance,kraken,71324.88000000,73713.24000000,0.01,21.25380696,0.71324880,1.91654424,2.50,18.75380696,0.02626723,ARB-20260811184105303,1,14674,FILLED
779,1786473665288480800,2026-08-11T18:41:05.288498+00:00,BTC/USDT,binance,kraken,71324.88000000,73713.24000000,0.01,21.25380696,0.71324880,1.91654424,2.50,18.75380696,0.02626723,ARB-20260811184105288,1,13479,FILLED
778,1786473665272267600,2026-08-11T18:41:05.272286+00:00,BTC/USDT,binance,kraken,71380.05000000,73697.84000000,0.01,20.54795566,0.71380050,1.91614384,2.50,18.04795566,0.02525905,ARB-20260811184105272,1,15124,FILLED
777,1786473665256599400,2026-08-11T18:41:05.256618+00:00,BTC/USDT,binance,kraken,71380.05000000,73697.84000000,0.01,20.54795566,0.71380050,1.91614384,2.50,18.04795566,0.02525905,ARB-20260811184105256,1,14527,FILLED
776,1786473665241187700,2026-08-11T18:41:05.241206+00:00,BTC/USDT,binance,kraken,71380.05000000,73697.84000000,0.01,20.54795566,0.71380050,1.91614384,2.50,18.04795566,0.02525905,ARB-20260811184105241,1,14205,FILLED
775,1786473665225654500,2026-08-11T18:41:05.225675+00:00,BTC/USDT,binance,kraken,71380.05000000,73697.84000000,0.01,20.54795566,0.71380050,1.91614384,2.50,18.04795566,0.02525905,ARB-20260811184105225,1,14326,FILLED
774,1786473665210291000,2026-08-11T18:41:05.210309+00:00,BTC/USDT,binance,kraken,71380.05000000,73697.84000000,0.01,20.54795566,0.71380050,1.91614384,2.50,18.04795566,0.02525905,ARB-20260811184105210,1,14135,FILLED
773,1786473665194843200,2026-08-11T18:41:05.194863+00:00,BTC/USDT,binance,kraken,71380.05000000,73697.84000000,0.01,20.54795566,0.71380050,1.91614384,2.50,18.04795566,0.02525905,ARB-20260811184105194,1,14342,FILLED
772,1786473665180060000,2026-08-11T18:41:05.180078+00:00,BTC/USDT,binance,kraken,71380.05000000,73697.84000000,0.01,20.54795566,0.71380050,1.91614384,2.50,18.04795566,0.02525905,ARB-20260811184105180,1,13480,FILLED
771,1786473665164163700,2026-08-11T18:41:05.164182+00:00,BTC/USDT,binance,kraken,71407.99000000,73527.29000000,0.01,18.56721056,0.71407990,1.91170954,2.50,16.06721056,0.02247810,ARB-20260811184105164,1,14786,FILLED
770,1786473665148963600,2026-08-11T18:41:05.148981+00:00,BTC/USDT,binance,kraken,71407.99000000,73527.29000000,0.01,18.56721056,0.71407990,1.91170954,2.50,16.06721056,0.02247810,ARB-20260811184105148,1,14143,FILLED
769,1786473665133511000,2026-08-11T18:41:05.133529+00:00,BTC/USDT,binance,kraken,71407.99000000,73527.29000000,0.01,18.56721056,0.71407990,1.91170954,2.50,16.06721056,0.02247810,ARB-20260811184105133,1,14262,FILLED
768,1786473665117633400,2026-08-11T18:41:05.117651+00:00,BTC/USDT,binance,kraken,71407.99000000,73527.29000000,0.01,18.56721056,0.71407990,1.91170954,2.50,16.06721056,0.02247810,ARB-20260811184105117,1,14758,FILLED
767,1786473665102374200,2026-08-11T18:41:05.102392+00:00,BTC/USDT,binance,kraken,71407.99000000,73527.29000000,0.01,18.56721056,0.71407990,1.91170954,2.50,16.06721056,0.02247810,ARB-20260811184105102,1,14208,FILLED
766,1786473665086761600,2026-08-11T18:41:05.086779+00:00,BTC/USDT,binance,kraken,71407.99000000,73527.29000000,0.01,18.56721056,0.71407990,1.91170954,2.50,16.06721056,0.02247810,ARB-20260811184105086,1,14616,FILLED
765,1786473665072035200,2026-08-11T18:41:05.072053+00:00,BTC/USDT,binance,kraken,71407.99000000,73527.29000000,0.01,18.56721056,0.71407990,1.91170954,2.50,16.06721056,0.02247810,ARB-20260811184105072,1,13609,FILLED
764,1786473665056072400,2026-08-11T18:41:05.056090+00:00,BTC/USDT,binance,kraken,71317.98000000,73134.70000000,0.01,15.55251800,0.71317980,1.90150220,2.50,13.05251800,0.01828358,ARB-20260811184105056,1,14813,FILLED
763,1786473665039960300,2026-08-11T18:41:05.039979+00:00,BTC/USDT,binance,kraken,71317.98000000,73134.70000000,0.01,15.55251800,0.71317980,1.90150220,2.50,13.05251800,0.01828358,ARB-20260811184105039,1,14823,FILLED
762,1786473665023723900,2026-08-11T18:41:05.023742+00:00,BTC/USDT,binance,kraken,71317.98000000,73134.70000000,0.01,15.55251800,0.71317980,1.90150220,2.50,13.05251800,0.01828358,ARB-20260811184105023,1,15012,FILLED
761,1786473665008631700,2026-08-11T18:41:05.008651+00:00,BTC/USDT,binance,kraken,71317.98000000,73134.70000000,0.01,15.55251800,0.71317980,1.90150220,2.50,13.05251800,0.01828358,ARB-20260811184105008,1,13885,FILLED
760,1786473664993728800,2026-08-11T18:41:04.993842+00:00,BTC/USDT,binance,kraken,71317.98000000,73134.70000000,0.01,15.55251800,0.71317980,1.90150220,2.50,13.05251800,0.01828358,ARB-20260811184104993,1,13575,FILLED
759,1786473664978444000,2026-08-11T18:41:04.978464+00:00,BTC/USDT,binance,kraken,71317.98000000,73134.70000000,0.01,15.55251800,0.71317980,1.90150220,2.50,13.05251800,0.01828358,ARB-20260811184104978,1,13820,FILLED
758,1786473664963357700,2026-08-11T18:41:04.963378+00:00,BTC/USDT,binance,kraken,71317.98000000,73134.70000000,0.01,15.55251800,0.71317980,1.90150220,2.50,13.05251800,0.01828358,ARB-20260811184104963,1,13611,FILLED
757,1786473664946764300,2026-08-11T18:41:04.946783+00:00,BTC/USDT,binance,kraken,71412.73000000,72881.84000000,0.01,12.08204486,0.71412730,1.89492784,2.50,9.58204486,0.01340443,ARB-20260811184104946,1,15511,FILLED
756,1786473664931044200,2026-08-11T18:41:04.931062+00:00,BTC/USDT,binance,kraken,71412.73000000,72881.84000000,0.01,12.08204486,0.71412730,1.89492784,2.50,9.58204486,0.01340443,ARB-20260811184104931,1,14499,FILLED
755,1786473664915396500,2026-08-11T18:41:04.915416+00:00,BTC/USDT,binance,kraken,71412.73000000,72881.84000000,0.01,12.08204486,0.71412730,1.89492784,2.50,9.58204486,0.01340443,ARB-20260811184104915,1,14090,FILLED
754,1786473664899218800,2026-08-11T18:41:04.899241+00:00,BTC/USDT,binance,kraken,71412.73000000,72881.84000000,0.01,12.08204486,0.71412730,1.89492784,2.50,9.58204486,0.01340443,ARB-20260811184104899,1,15057,FILLED
753,1786473664884296400,2026-08-11T18:41:04.884315+00:00,BTC/USDT,binance,kraken,71412.73000000,72881.84000000,0.01,12.08204486,0.71412730,1.89492784,2.50,9.58204486,0.01340443,ARB-20260811184104884,1,13823,FILLED
752,1786473664868929600,2026-08-11T18:41:04.868948+00:00,BTC/USDT,binance,kraken,71412.73000000,72881.84000000,0.01,12.08204486,0.71412730,1.89492784,2.50,9.58204486,0.01340443,ARB-20260811184104868,1,14194,FILLED
751,1786473664853697100,2026-08-11T18:41:04.853716+00:00,BTC/USDT,binance,kraken,71412.73000000,72881.84000000,0.01,12.08204486,0.71412730,1.89492784,2.50,9.58204486,0.01340443,ARB-20260811184104853,1,14097,FILLED
750,1786473664836801200,2026-08-11T18:41:04.836825+00:00,BTC/USDT,binance,kraken,71275.18000000,72644.18000000,0.01,11.08849952,0.71275180,1.88874868,2.50,8.58849952,0.01203774,ARB-20260811184104836,1,15620,FILLED
749,1786473664820800000,2026-08-11T18:41:04.820818+00:00,BTC/USDT,binance,kraken,71275.18000000,72644.18000000,0.01,11.08849952,0.71275180,1.88874868,2.50,8.58849952,0.01203774,ARB-20260811184104820,1,14882,FILLED
748,1786473664804634700,2026-08-11T18:41:04.804653+00:00,BTC/USDT,binance,kraken,71275.18000000,72644.18000000,0.01,11.08849952,0.71275180,1.88874868,2.50,8.58849952,0.01203774,ARB-20260811184104804,1,15038,FILLED
747,1786473664789691700,2026-08-11T18:41:04.789712+00:00,BTC/USDT,binance,kraken,71275.18000000,72644.18000000,0.01,11.08849952,0.71275180,1.88874868,2.50,8.58849952,0.01203774,ARB-20260811184104789,1,13790,FILLED
746,1786473664774450100,2026-08-11T18:41:04.774471+00:00,BTC/USDT,binance,kraken,71275.18000000,72644.18000000,0.01,11.08849952,0.71275180,1.88874868,2.50,8.58849952,0.01203774,ARB-20260811184104774,1,13999,FILLED
745,1786473664759125300,2026-08-11T18:41:04.759143+00:00,BTC/USDT,binance,kraken,71275.18000000,72644.18000000,0.01,11.08849952,0.71275180,1.88874868,2.50,8.58849952,0.01203774,ARB-20260811184104759,1,13995,FILLED
744,1786473664744783100,2026-08-11T18:41:04.744803+00:00,BTC/USDT,binance,kraken,71275.18000000,72644.18000000,0.01,11.08849952,0.71275180,1.88874868,2.50,8.58849952,0.01203774,ARB-20260811184104744,1,13224,FILLED
743,1786473664728700800,2026-08-11T18:41:04.728720+00:00,BTC/USDT,binance,kraken,71321.01000000,72545.12000000,0.01,9.64171678,0.71321010,1.88617312,2.50,7.14171678,0.01000348,ARB-20260811184104728,1,14860,FILLED
742,1786473664713568500,2026-08-11T18:41:04.713588+00:00,BTC/USDT,binance,kraken,71321.01000000,72545.12000000,0.01,9.64171678,0.71321010,1.88617312,2.50,7.14171678,0.01000348,ARB-20260811184104713,1,13892,FILLED
741,1786473664698749800,2026-08-11T18:41:04.698769+00:00,BTC/USDT,binance,kraken,71321.01000000,72545.12000000,0.01,9.64171678,0.71321010,1.88617312,2.50,7.14171678,0.01000348,ARB-20260811184104698,1,13536,FILLED
740,1786473664682475600,2026-08-11T18:41:04.682494+00:00,BTC/USDT,binance,kraken,71321.01000000,72545.12000000,0.01,9.64171678,0.71321010,1.88617312,2.50,7.14171678,0.01000348,ARB-20260811184104682,1,14773,FILLED
739,1786473664666982600,2026-08-11T18:41:04.667002+00:00,BTC/USDT,binance,kraken,71321.01000000,72545.12000000,0.01,9.64171678,0.71321010,1.88617312,2.50,7.14171678,0.01000348,ARB-20260811184104666,1,14376,FILLED
738,1786473664651692300,2026-08-11T18:41:04.651710+00:00,BTC/USDT,binance,kraken,71321.01000000,72545.12000000,0.01,9.64171678,0.71321010,1.88617312,2.50,7.14171678,0.01000348,ARB-20260811184104651,1,14068,FILLED
737,1786473664636534000,2026-08-11T18:41:04.636555+00:00,BTC/USDT,binance,kraken,71321.01000000,72545.12000000,0.01,9.64171678,0.71321010,1.88617312,2.50,7.14171678,0.01000348,ARB-20260811184104636,1,13878,FILLED
736,1786473664295757900,2026-08-11T18:41:04.295775+00:00,BTC/USDT,kraken,binance,70706.12000000,71793.46000000,0.01,8.31710628,1.83835912,0.71793460,2.50,5.81710628,0.00820583,ARB-20260811184104295,1,14760,FILLED
735,1786473664280125100,2026-08-11T18:41:04.280142+00:00,BTC/USDT,kraken,binance,70706.12000000,71793.46000000,0.01,8.31710628,1.83835912,0.71793460,2.50,5.81710628,0.00820583,ARB-20260811184104280,1,14516,FILLED
734,1786473664264171900,2026-08-11T18:41:04.264189+00:00,BTC/USDT,kraken,binance,70706.12000000,71793.46000000,0.01,8.31710628,1.83835912,0.71793460,2.50,5.81710628,0.00820583,ARB-20260811184104264,1,14940,FILLED
733,1786473664248834600,2026-08-11T18:41:04.248851+00:00,BTC/USDT,kraken,binance,70706.12000000,71793.46000000,0.01,8.31710628,1.83835912,0.71793460,2.50,5.81710628,0.00820583,ARB-20260811184104248,1,14259,FILLED
732,1786473664233650900,2026-08-11T18:41:04.233669+00:00,BTC/USDT,kraken,binance,70706.12000000,71793.46000000,0.01,8.31710628,1.83835912,0.71793460,2.50,5.81710628,0.00820583,ARB-20260811184104233,1,13918,FILLED
731,1786473664218286300,2026-08-11T18:41:04.218306+00:00,BTC/USDT,kraken,binance,70706.12000000,71793.46000000,0.01,8.31710628,1.83835912,0.71793460,2.50,5.81710628,0.00820583,ARB-20260811184104218,1,14086,FILLED
730,1786473664203890300,2026-08-11T18:41:04.203908+00:00,BTC/USDT,kraken,binance,70706.12000000,71793.46000000,0.01,8.31710628,1.83835912,0.71793460,2.50,5.81710628,0.00820583,ARB-20260811184104203,1,13210,FILLED
729,1786473664188171000,2026-08-11T18:41:04.188189+00:00,BTC/USDT,kraken,binance,70328.42000000,72027.92000000,0.01,14.44618188,1.82853892,0.72027920,2.50,11.94618188,0.01694223,ARB-20260811184104188,1,14545,FILLED
728,1786473664172862700,2026-08-11T18:41:04.172880+00:00,BTC/USDT,kraken,binance,70328.42000000,72027.92000000,0.01,14.44618188,1.82853892,0.72027920,2.50,11.94618188,0.01694223,ARB-20260811184104172,1,14111,FILLED
727,1786473664157893900,2026-08-11T18:41:04.157913+00:00,BTC/USDT,kraken,binance,70328.42000000,72027.92000000,0.01,14.44618188,1.82853892,0.72027920,2.50,11.94618188,0.01694223,ARB-20260811184104157,1,13759,FILLED
726,1786473664142413200,2026-08-11T18:41:04.142431+00:00,BTC/USDT,kraken,binance,70328.42000000,72027.92000000,0.01,14.44618188,1.82853892,0.72027920,2.50,11.94618188,0.01694223,ARB-20260811184104142,1,14083,FILLED
725,1786473664126224300,2026-08-11T18:41:04.126242+00:00,BTC/USDT,kraken,binance,70328.42000000,72027.92000000,0.01,14.44618188,1.82853892,0.72027920,2.50,11.94618188,0.01694223,ARB-20260811184104126,1,15006,FILLED
724,1786473664110307100,2026-08-11T18:41:04.110324+00:00,BTC/USDT,kraken,binance,70328.42000000,72027.92000000,0.01,14.44618188,1.82853892,0.72027920,2.50,11.94618188,0.01694223,ARB-20260811184104110,1,14824,FILLED
723,1786473664094954400,2026-08-11T18:41:04.094971+00:00,BTC/USDT,kraken,binance,70328.42000000,72027.92000000,0.01,14.44618188,1.82853892,0.72027920,2.50,11.94618188,0.01694223,ARB-20260811184104094,1,14219,FILLED
722,1786473664078964800,2026-08-11T18:41:04.078981+00:00,BTC/USDT,kraken,binance,70023.95000000,71831.00000000,0.01,15.53156730,1.82062270,0.71831000,2.50,13.03156730,0.01856190,ARB-20260811184104078,1,14865,FILLED
721,1786473664063394100,2026-08-11T18:41:04.063411+00:00,BTC/USDT,kraken,binance,70023.95000000,71831.00000000,0.01,15.53156730,1.82062270,0.71831000,2.50,13.03156730,0.01856190,ARB-20260811184104063,1,14448,FILLED
720,1786473664047287700,2026-08-11T18:41:04.047307+00:00,BTC/USDT,kraken,binance,70023.95000000,71831.00000000,0.01,15.53156730,1.82062270,0.71831000,2.50,13.03156730,0.01856190,ARB-20260811184104047,1,14933,FILLED
719,1786473664032219700,2026-08-11T18:41:04.032236+00:00,BTC/USDT,kraken,binance,70023.95000000,71831.00000000,0.01,15.53156730,1.82062270,0.71831000,2.50,13.03156730,0.01856190,ARB-20260811184104032,1,13902,FILLED
718,1786473664016611900,2026-08-11T18:41:04.016629+00:00,BTC/USDT,kraken,binance,70023.95000000,71831.00000000,0.01,15.53156730,1.82062270,0.71831000,2.50,13.03156730,0.01856190,ARB-20260811184104016,1,14465,FILLED
717,1786473664001249600,2026-08-11T18:41:04.001267+00:00,BTC/USDT,kraken,binance,70023.95000000,71831.00000000,0.01,15.53156730,1.82062270,0.71831000,2.50,13.03156730,0.01856190,ARB-20260811184104001,1,14200,FILLED
716,1786473663986168000,2026-08-11T18:41:03.986185+00:00,BTC/USDT,kraken,binance,70023.95000000,71831.00000000,0.01,15.53156730,1.82062270,0.71831000,2.50,13.03156730,0.01856190,ARB-20260811184103986,1,13915,FILLED
715,1786473663969361600,2026-08-11T18:41:03.969379+00:00,BTC/USDT,kraken,binance,69472.48000000,71991.06000000,0.01,22.65960492,1.80628448,0.71991060,2.50,20.15960492,0.02894286,ARB-20260811184103969,1,15573,FILLED
714,1786473663954196900,2026-08-11T18:41:03.954214+00:00,BTC/USDT,kraken,binance,69472.48000000,71991.06000000,0.01,22.65960492,1.80628448,0.71991060,2.50,20.15960492,0.02894286,ARB-20260811184103954,1,14037,FILLED
713,1786473663938878000,2026-08-11T18:41:03.938896+00:00,BTC/USDT,kraken,binance,69472.48000000,71991.06000000,0.01,22.65960492,1.80628448,0.71991060,2.50,20.15960492,0.02894286,ARB-20260811184103938,1,14108,FILLED
712,1786473663923556400,2026-08-11T18:41:03.923575+00:00,BTC/USDT,kraken,binance,69472.48000000,71991.06000000,0.01,22.65960492,1.80628448,0.71991060,2.50,20.15960492,0.02894286,ARB-20260811184103923,1,14211,FILLED
711,1786473663908149800,2026-08-11T18:41:03.908168+00:00,BTC/USDT,kraken,binance,69472.48000000,71991.06000000,0.01,22.65960492,1.80628448,0.71991060,2.50,20.15960492,0.02894286,ARB-20260811184103908,1,14012,FILLED
710,1786473663893111900,2026-08-11T18:41:03.893129+00:00,BTC/USDT,kraken,binance,69472.48000000,71991.06000000,0.01,22.65960492,1.80628448,0.71991060,2.50,20.15960492,0.02894286,ARB-20260811184103893,1,13865,FILLED
709,1786473663878707800,2026-08-11T18:41:03.878725+00:00,BTC/USDT,kraken,binance,69472.48000000,71991.06000000,0.01,22.65960492,1.80628448,0.71991060,2.50,20.15960492,0.02894286,ARB-20260811184103878,1,13176,FILLED
708,1786473663862636700,2026-08-11T18:41:03.862655+00:00,BTC/USDT,kraken,binance,68747.59000000,72233.45000000,0.01,32.34882816,1.78743734,0.72233450,2.50,29.84882816,0.04330541,ARB-20260811184103862,1,14836,FILLED
707,1786473663847594300,2026-08-11T18:41:03.847613+00:00,BTC/USDT,kraken,binance,68747.59000000,72233.45000000,0.01,32.34882816,1.78743734,0.72233450,2.50,29.84882816,0.04330541,ARB-20260811184103847,1,13914,FILLED
706,1786473663832489700,2026-08-11T18:41:03.832507+00:00,BTC/USDT,kraken,binance,68747.59000000,72233.45000000,0.01,32.34882816,1.78743734,0.72233450,2.50,29.84882816,0.04330541,ARB-20260811184103832,1,13840,FILLED
705,1786473663817198100,2026-08-11T18:41:03.817219+00:00,BTC/USDT,kraken,binance,68747.59000000,72233.45000000,0.01,32.34882816,1.78743734,0.72233450,2.50,29.84882816,0.04330541,ARB-20260811184103817,1,13978,FILLED
704,1786473663801179100,2026-08-11T18:41:03.801197+00:00,BTC/USDT,kraken,binance,68747.59000000,72233.45000000,0.01,32.34882816,1.78743734,0.72233450,2.50,29.84882816,0.04330541,ARB-20260811184103801,1,14735,FILLED
703,1786473663786303700,2026-08-11T18:41:03.786321+00:00,BTC/USDT,kraken,binance,68747.59000000,72233.45000000,0.01,32.34882816,1.78743734,0.72233450,2.50,29.84882816,0.04330541,ARB-20260811184103786,1,13611,FILLED
702,1786473663770688200,2026-08-11T18:41:03.770705+00:00,BTC/USDT,kraken,binance,68747.59000000,72233.45000000,0.01,32.34882816,1.78743734,0.72233450,2.50,29.84882816,0.04330541,ARB-20260811184103770,1,14161,FILLED
701,1786473663754968300,2026-08-11T18:41:03.754987+00:00,BTC/USDT,kraken,binance,68499.96000000,72115.43000000,0.01,33.65254674,1.78099896,0.72115430,2.50,31.15254674,0.04536026,ARB-20260811184103754,1,14430,FILLED
700,1786473663740001500,2026-08-11T18:41:03.740020+00:00,BTC/USDT,kraken,binance,68499.96000000,72115.43000000,0.01,33.65254674,1.78099896,0.72115430,2.50,31.15254674,0.04536026,ARB-20260811184103739,1,13686,FILLED
699,1786473663723660600,2026-08-11T18:41:03.723680+00:00,BTC/USDT,kraken,binance,68499.96000000,72115.43000000,0.01,33.65254674,1.78099896,0.72115430,2.50,31.15254674,0.04536026,ARB-20260811184103723,1,14789,FILLED
698,1786473663708267700,2026-08-11T18:41:03.708286+00:00,BTC/USDT,kraken,binance,68499.96000000,72115.43000000,0.01,33.65254674,1.78099896,0.72115430,2.50,31.15254674,0.04536026,ARB-20260811184103708,1,14178,FILLED
697,1786473663693116600,2026-08-11T18:41:03.693134+00:00,BTC/USDT,kraken,binance,68499.96000000,72115.43000000,0.01,33.65254674,1.78099896,0.72115430,2.50,31.15254674,0.04536026,ARB-20260811184103693,1,13983,FILLED
696,1786473663677094400,2026-08-11T18:41:03.677113+00:00,BTC/USDT,kraken,binance,68499.96000000,72115.43000000,0.01,33.65254674,1.78099896,0.72115430,2.50,31.15254674,0.04536026,ARB-20260811184103677,1,14887,FILLED
695,1786473663661757300,2026-08-11T18:41:03.661775+00:00,BTC/USDT,kraken,binance,68499.96000000,72115.43000000,0.01,33.65254674,1.78099896,0.72115430,2.50,31.15254674,0.04536026,ARB-20260811184103661,1,14137,FILLED
694,1786473663645860400,2026-08-11T18:41:03.645879+00:00,BTC/USDT,kraken,binance,68349.12000000,72066.05000000,0.01,34.67156238,1.77707712,0.72066050,2.50,32.17156238,0.04694740,ARB-20260811184103645,1,14651,FILLED
693,1786473663630691400,2026-08-11T18:41:03.630709+00:00,BTC/USDT,kraken,binance,68349.12000000,72066.05000000,0.01,34.67156238,1.77707712,0.72066050,2.50,32.17156238,0.04694740,ARB-20260811184103630,1,13952,FILLED
692,1786473663614472400,2026-08-11T18:41:03.614490+00:00,BTC/USDT,kraken,binance,68349.12000000,72066.05000000,0.01,34.67156238,1.77707712,0.72066050,2.50,32.17156238,0.04694740,ARB-20260811184103614,1,15101,FILLED
691,1786473663599367500,2026-08-11T18:41:03.599385+00:00,BTC/USDT,kraken,binance,68349.12000000,72066.05000000,0.01,34.67156238,1.77707712,0.72066050,2.50,32.17156238,0.04694740,ARB-20260811184103599,1,13985,FILLED
690,1786473663583556100,2026-08-11T18:41:03.583575+00:00,BTC/USDT,kraken,binance,68349.12000000,72066.05000000,0.01,34.67156238,1.77707712,0.72066050,2.50,32.17156238,0.04694740,ARB-20260811184103583,1,14623,FILLED
689,1786473663568321200,2026-08-11T18:41:03.568338+00:00,BTC/USDT,kraken,binance,68349.12000000,72066.05000000,0.01,34.67156238,1.77707712,0.72066050,2.50,32.17156238,0.04694740,ARB-20260811184103568,1,14076,FILLED
688,1786473663553924400,2026-08-11T18:41:03.553942+00:00,BTC/USDT,kraken,binance,68349.12000000,72066.05000000,0.01,34.67156238,1.77707712,0.72066050,2.50,32.17156238,0.04694740,ARB-20260811184103553,1,13314,FILLED
687,1786473663537960900,2026-08-11T18:41:03.537979+00:00,BTC/USDT,kraken,binance,68093.50000000,72079.08000000,0.01,37.36457820,1.77043100,0.72079080,2.50,34.86457820,0.05106826,ARB-20260811184103537,1,14686,FILLED
686,1786473663522479400,2026-08-11T18:41:03.522497+00:00,BTC/USDT,kraken,binance,68093.50000000,72079.08000000,0.01,37.36457820,1.77043100,0.72079080,2.50,34.86457820,0.05106826,ARB-20260811184103522,1,14308,FILLED
685,1786473663507265000,2026-08-11T18:41:03.507284+00:00,BTC/USDT,kraken,binance,68093.50000000,72079.08000000,0.01,37.36457820,1.77043100,0.72079080,2.50,34.86457820,0.05106826,ARB-20260811184103507,1,14010,FILLED
684,1786473663491209200,2026-08-11T18:41:03.491226+00:00,BTC/USDT,kraken,binance,68093.50000000,72079.08000000,0.01,37.36457820,1.77043100,0.72079080,2.50,34.86457820,0.05106826,ARB-20260811184103491,1,14721,FILLED
683,1786473663475571300,2026-08-11T18:41:03.475588+00:00,BTC/USDT,kraken,binance,68093.50000000,72079.08000000,0.01,37.36457820,1.77043100,0.72079080,2.50,34.86457820,0.05106826,ARB-20260811184103475,1,14532,FILLED
682,1786473663460084700,2026-08-11T18:41:03.460105+00:00,BTC/USDT,kraken,binance,68093.50000000,72079.08000000,0.01,37.36457820,1.77043100,0.72079080,2.50,34.86457820,0.05106826,ARB-20260811184103460,1,14349,FILLED
681,1786473663445748100,2026-08-11T18:41:03.445765+00:00,BTC/USDT,kraken,binance,68093.50000000,72079.08000000,0.01,37.36457820,1.77043100,0.72079080,2.50,34.86457820,0.05106826,ARB-20260811184103445,1,13155,FILLED
680,1786473663429054000,2026-08-11T18:41:03.429071+00:00,BTC/USDT,kraken,binance,67782.07000000,72165.21000000,0.01,41.34741408,1.76233382,0.72165210,2.50,38.84741408,0.05716360,ARB-20260811184103429,1,15463,FILLED
679,1786473663413441100,2026-08-11T18:41:03.413458+00:00,BTC/USDT,kraken,binance,67782.07000000,72165.21000000,0.01,41.34741408,1.76233382,0.72165210,2.50,38.84741408,0.05716360,ARB-20260811184103413,1,14468,FILLED
678,1786473663398191700,2026-08-11T18:41:03.398210+00:00,BTC/USDT,kraken,binance,67782.07000000,72165.21000000,0.01,41.34741408,1.76233382,0.72165210,2.50,38.84741408,0.05716360,ARB-20260811184103398,1,14059,FILLED
677,1786473663382342200,2026-08-11T18:41:03.382360+00:00,BTC/USDT,kraken,binance,67782.07000000,72165.21000000,0.01,41.34741408,1.76233382,0.72165210,2.50,38.84741408,0.05716360,ARB-20260811184103382,1,14691,FILLED
676,1786473663366817200,2026-08-11T18:41:03.366836+00:00,BTC/USDT,kraken,binance,67782.07000000,72165.21000000,0.01,41.34741408,1.76233382,0.72165210,2.50,38.84741408,0.05716360,ARB-20260811184103366,1,14363,FILLED
675,1786473663351297900,2026-08-11T18:41:03.351315+00:00,BTC/USDT,kraken,binance,67782.07000000,72165.21000000,0.01,41.34741408,1.76233382,0.72165210,2.50,38.84741408,0.05716360,ARB-20260811184103351,1,14468,FILLED
674,1786473663336432700,2026-08-11T18:41:03.336450+00:00,BTC/USDT,kraken,binance,67782.07000000,72165.21000000,0.01,41.34741408,1.76233382,0.72165210,2.50,38.84741408,0.05716360,ARB-20260811184103336,1,13665,FILLED
673,1786473663320064200,2026-08-11T18:41:03.320082+00:00,BTC/USDT,kraken,binance,67696.66000000,72316.86000000,0.01,43.71871824,1.76011316,0.72316860,2.50,41.21871824,0.06072948,ARB-20260811184103320,1,15235,FILLED
672,1786473663304933600,2026-08-11T18:41:03.304951+00:00,BTC/USDT,kraken,binance,67696.66000000,72316.86000000,0.01,43.71871824,1.76011316,0.72316860,2.50,41.21871824,0.06072948,ARB-20260811184103304,1,14045,FILLED
671,1786473663289119000,2026-08-11T18:41:03.289136+00:00,BTC/USDT,kraken,binance,67696.66000000,72316.86000000,0.01,43.71871824,1.76011316,0.72316860,2.50,41.21871824,0.06072948,ARB-20260811184103289,1,14562,FILLED
670,1786473663273464500,2026-08-11T18:41:03.273482+00:00,BTC/USDT,kraken,binance,67696.66000000,72316.86000000,0.01,43.71871824,1.76011316,0.72316860,2.50,41.21871824,0.06072948,ARB-20260811184103273,1,14558,FILLED
669,1786473663258230800,2026-08-11T18:41:03.258248+00:00,BTC/USDT,kraken,binance,67696.66000000,72316.86000000,0.01,43.71871824,1.76011316,0.72316860,2.50,41.21871824,0.06072948,ARB-20260811184103258,1,14109,FILLED
668,1786473663242508700,2026-08-11T18:41:03.242534+00:00,BTC/USDT,kraken,binance,67696.66000000,72316.86000000,0.01,43.71871824,1.76011316,0.72316860,2.50,41.21871824,0.06072948,ARB-20260811184103242,1,14582,FILLED
667,1786473663228483200,2026-08-11T18:41:03.228501+00:00,BTC/USDT,kraken,binance,67696.66000000,72316.86000000,0.01,43.71871824,1.76011316,0.72316860,2.50,41.21871824,0.06072948,ARB-20260811184103228,1,12863,FILLED
666,1786473663211590200,2026-08-11T18:41:03.211607+00:00,BTC/USDT,kraken,binance,67488.74000000,72180.78000000,0.01,44.44388496,1.75470724,0.72180780,2.50,41.94388496,0.06198829,ARB-20260811184103211,1,15737,FILLED
665,1786473663196501600,2026-08-11T18:41:03.196519+00:00,BTC/USDT,kraken,binance,67488.74000000,72180.78000000,0.01,44.44388496,1.75470724,0.72180780,2.50,41.94388496,0.06198829,ARB-20260811184103196,1,14000,FILLED
664,1786473663181402400,2026-08-11T18:41:03.181420+00:00,BTC/USDT,kraken,binance,67488.74000000,72180.78000000,0.01,44.44388496,1.75470724,0.72180780,2.50,41.94388496,0.06198829,ARB-20260811184103181,1,13893,FILLED
663,1786473663166122000,2026-08-11T18:41:03.166141+00:00,BTC/USDT,kraken,binance,67488.74000000,72180.78000000,0.01,44.44388496,1.75470724,0.72180780,2.50,41.94388496,0.06198829,ARB-20260811184103166,1,14194,FILLED
662,1786473663150599500,2026-08-11T18:41:03.150616+00:00,BTC/USDT,kraken,binance,67488.74000000,72180.78000000,0.01,44.44388496,1.75470724,0.72180780,2.50,41.94388496,0.06198829,ARB-20260811184103150,1,14330,FILLED
661,1786473663134918400,2026-08-11T18:41:03.134935+00:00,BTC/USDT,kraken,binance,67488.74000000,72180.78000000,0.01,44.44388496,1.75470724,0.72180780,2.50,41.94388496,0.06198829,ARB-20260811184103134,1,14564,FILLED
660,1786473663119661600,2026-08-11T18:41:03.119679+00:00,BTC/USDT,kraken,binance,67488.74000000,72180.78000000,0.01,44.44388496,1.75470724,0.72180780,2.50,41.94388496,0.06198829,ARB-20260811184103119,1,14114,FILLED
659,1786473663103213500,2026-08-11T18:41:03.103231+00:00,BTC/USDT,kraken,binance,67457.97000000,72373.33000000,0.01,46.67595948,1.75390722,0.72373330,2.50,44.17595948,0.06531682,ARB-20260811184103103,1,15337,FILLED
658,1786473663088004600,2026-08-11T18:41:03.088022+00:00,BTC/USDT,kraken,binance,67457.97000000,72373.33000000,0.01,46.67595948,1.75390722,0.72373330,2.50,44.17595948,0.06531682,ARB-20260811184103087,1,14058,FILLED
657,1786473663072811200,2026-08-11T18:41:03.072839+00:00,BTC/USDT,kraken,binance,67457.97000000,72373.33000000,0.01,46.67595948,1.75390722,0.72373330,2.50,44.17595948,0.06531682,ARB-20260811184103072,1,14046,FILLED
656,1786473663057854000,2026-08-11T18:41:03.057873+00:00,BTC/USDT,kraken,binance,67457.97000000,72373.33000000,0.01,46.67595948,1.75390722,0.72373330,2.50,44.17595948,0.06531682,ARB-20260811184103057,1,13863,FILLED
655,1786473663042908300,2026-08-11T18:41:03.042928+00:00,BTC/USDT,kraken,binance,67457.97000000,72373.33000000,0.01,46.67595948,1.75390722,0.72373330,2.50,44.17595948,0.06531682,ARB-20260811184103042,1,13729,FILLED
654,1786473663027471600,2026-08-11T18:41:03.027491+00:00,BTC/USDT,kraken,binance,67457.97000000,72373.33000000,0.01,46.67595948,1.75390722,0.72373330,2.50,44.17595948,0.06531682,ARB-20260811184103027,1,13756,FILLED
653,1786473663011814900,2026-08-11T18:41:03.011832+00:00,BTC/USDT,kraken,binance,67457.97000000,72373.33000000,0.01,46.67595948,1.75390722,0.72373330,2.50,44.17595948,0.06531682,ARB-20260811184103011,1,14310,FILLED
652,1786473662996109000,2026-08-11T18:41:02.996127+00:00,BTC/USDT,kraken,binance,67253.90000000,72259.06000000,0.01,47.58040800,1.74860140,0.72259060,2.50,45.08040800,0.06685635,ARB-20260811184102996,1,14544,FILLED
651,1786473662980876400,2026-08-11T18:41:02.980894+00:00,BTC/USDT,kraken,binance,67253.90000000,72259.06000000,0.01,47.58040800,1.74860140,0.72259060,2.50,45.08040800,0.06685635,ARB-20260811184102980,1,14016,FILLED
650,1786473662964731000,2026-08-11T18:41:02.964749+00:00,BTC/USDT,kraken,binance,67253.90000000,72259.06000000,0.01,47.58040800,1.74860140,0.72259060,2.50,45.08040800,0.06685635,ARB-20260811184102964,1,14917,FILLED
649,1786473662949393900,2026-08-11T18:41:02.949412+00:00,BTC/USDT,kraken,binance,67253.90000000,72259.06000000,0.01,47.58040800,1.74860140,0.72259060,2.50,45.08040800,0.06685635,ARB-20260811184102949,1,14120,FILLED
648,1786473662934177300,2026-08-11T18:41:02.934195+00:00,BTC/USDT,kraken,binance,67253.90000000,72259.06000000,0.01,47.58040800,1.74860140,0.72259060,2.50,45.08040800,0.06685635,ARB-20260811184102934,1,14119,FILLED
647,1786473662919147700,2026-08-11T18:41:02.919171+00:00,BTC/USDT,kraken,binance,67253.90000000,72259.06000000,0.01,47.58040800,1.74860140,0.72259060,2.50,45.08040800,0.06685635,ARB-20260811184102919,1,13882,FILLED
646,1786473662904865700,2026-08-11T18:41:02.904883+00:00,BTC/USDT,kraken,binance,67253.90000000,72259.06000000,0.01,47.58040800,1.74860140,0.72259060,2.50,45.08040800,0.06685635,ARB-20260811184102904,1,13094,FILLED
645,1786473662888090300,2026-08-11T18:41:02.888106+00:00,BTC/USDT,kraken,binance,66953.07000000,72035.69000000,0.01,48.36506328,1.74077982,0.72035690,2.50,45.86506328,0.06832565,ARB-20260811184102888,1,15520,FILLED
644,1786473662872995700,2026-08-11T18:41:02.873013+00:00,BTC/USDT,kraken,binance,66953.07000000,72035.69000000,0.01,48.36506328,1.74077982,0.72035690,2.50,45.86506328,0.06832565,ARB-20260811184102872,1,13988,FILLED
643,1786473662857870200,2026-08-11T18:41:02.857888+00:00,BTC/USDT,kraken,binance,66953.07000000,72035.69000000,0.01,48.36506328,1.74077982,0.72035690,2.50,45.86506328,0.06832565,ARB-20260811184102857,1,13978,FILLED
642,1786473662841476400,2026-08-11T18:41:02.841494+00:00,BTC/USDT,kraken,binance,66953.07000000,72035.69000000,0.01,48.36506328,1.74077982,0.72035690,2.50,45.86506328,0.06832565,ARB-20260811184102841,1,15007,FILLED
641,1786473662826778200,2026-08-11T18:41:02.826798+00:00,BTC/USDT,kraken,binance,66953.07000000,72035.69000000,0.01,48.36506328,1.74077982,0.72035690,2.50,45.86506328,0.06832565,ARB-20260811184102826,1,13519,FILLED
640,1786473662811180600,2026-08-11T18:41:02.811199+00:00,BTC/USDT,kraken,binance,66953.07000000,72035.69000000,0.01,48.36506328,1.74077982,0.72035690,2.50,45.86506328,0.06832565,ARB-20260811184102811,1,13951,FILLED
639,1786473662796241600,2026-08-11T18:41:02.796259+00:00,BTC/USDT,kraken,binance,66953.07000000,72035.69000000,0.01,48.36506328,1.74077982,0.72035690,2.50,45.86506328,0.06832565,ARB-20260811184102796,1,13736,FILLED
638,1786473662780424000,2026-08-11T18:41:02.780442+00:00,BTC/USDT,kraken,binance,66347.62000000,72076.56000000,0.01,54.84359628,1.72503812,0.72076560,2.50,52.34359628,0.07868836,ARB-20260811184102780,1,14740,FILLED
637,1786473662764703800,2026-08-11T18:41:02.764721+00:00,BTC/USDT,kraken,binance,66347.62000000,72076.56000000,0.01,54.84359628,1.72503812,0.72076560,2.50,52.34359628,0.07868836,ARB-20260811184102764,1,14574,FILLED
636,1786473662749118100,2026-08-11T18:41:02.749138+00:00,BTC/USDT,kraken,binance,66347.62000000,72076.56000000,0.01,54.84359628,1.72503812,0.72076560,2.50,52.34359628,0.07868836,ARB-20260811184102749,1,14492,FILLED
635,1786473662733617300,2026-08-11T18:41:02.733635+00:00,BTC/USDT,kraken,binance,66347.62000000,72076.56000000,0.01,54.84359628,1.72503812,0.72076560,2.50,52.34359628,0.07868836,ARB-20260811184102733,1,14303,FILLED
634,1786473662717916200,2026-08-11T18:41:02.717934+00:00,BTC/USDT,kraken,binance,66347.62000000,72076.56000000,0.01,54.84359628,1.72503812,0.72076560,2.50,52.34359628,0.07868836,ARB-20260811184102717,1,14616,FILLED
633,1786473662710820800,2026-08-11T18:41:02.710840+00:00,BTC/USDT,kraken,binance,66347.62000000,72076.56000000,0.01,54.84359628,1.72503812,0.72076560,2.50,52.34359628,0.07868836,ARB-20260811184102710,1,5899,FILLED
632,1786473662269013300,2026-08-11T18:41:02.269030+00:00,BTC/USDT,kraken,binance,66203.91000000,72006.51000000,0.01,55.58463324,1.72130166,0.72006510,2.50,53.08463324,0.07997560,ARB-20260811184102268,1,1289,FILLED
631,1786473662253702800,2026-08-11T18:41:02.253721+00:00,BTC/USDT,kraken,binance,66203.91000000,72006.51000000,0.01,55.58463324,1.72130166,0.72006510,2.50,53.08463324,0.07997560,ARB-20260811184102253,1,14176,FILLED
630,1786473662237791300,2026-08-11T18:41:02.237810+00:00,BTC/USDT,kraken,binance,66203.91000000,72006.51000000,0.01,55.58463324,1.72130166,0.72006510,2.50,53.08463324,0.07997560,ARB-20260811184102237,1,14774,FILLED
629,1786473662222184400,2026-08-11T18:41:02.222201+00:00,BTC/USDT,kraken,binance,66203.91000000,72006.51000000,0.01,55.58463324,1.72130166,0.72006510,2.50,53.08463324,0.07997560,ARB-20260811184102222,1,14581,FILLED
628,1786473662206451400,2026-08-11T18:41:02.206468+00:00,BTC/USDT,kraken,binance,66203.91000000,72006.51000000,0.01,55.58463324,1.72130166,0.72006510,2.50,53.08463324,0.07997560,ARB-20260811184102206,1,14606,FILLED
627,1786473662192151100,2026-08-11T18:41:02.192170+00:00,BTC/USDT,kraken,binance,66203.91000000,72006.51000000,0.01,55.58463324,1.72130166,0.72006510,2.50,53.08463324,0.07997560,ARB-20260811184102192,1,13145,FILLED
626,1786473662175810400,2026-08-11T18:41:02.175828+00:00,BTC/USDT,kraken,binance,65769.99000000,71695.11000000,0.01,56.82422916,1.71001974,0.71695110,2.50,54.32422916,0.08238309,ARB-20260811184102175,1,15235,FILLED
625,1786473662160002700,2026-08-11T18:41:02.160020+00:00,BTC/USDT,kraken,binance,65769.99000000,71695.11000000,0.01,56.82422916,1.71001974,0.71695110,2.50,54.32422916,0.08238309,ARB-20260811184102159,1,14704,FILLED
624,1786473662144874600,2026-08-11T18:41:02.144892+00:00,BTC/USDT,kraken,binance,65769.99000000,71695.11000000,0.01,56.82422916,1.71001974,0.71695110,2.50,54.32422916,0.08238309,ARB-20260811184102144,1,13983,FILLED
623,1786473662129203100,2026-08-11T18:41:02.129220+00:00,BTC/USDT,kraken,binance,65769.99000000,71695.11000000,0.01,56.82422916,1.71001974,0.71695110,2.50,54.32422916,0.08238309,ARB-20260811184102129,1,14261,FILLED
622,1786473662113309100,2026-08-11T18:41:02.113325+00:00,BTC/USDT,kraken,binance,65769.99000000,71695.11000000,0.01,56.82422916,1.71001974,0.71695110,2.50,54.32422916,0.08238309,ARB-20260811184102113,1,14792,FILLED
621,1786473662098058100,2026-08-11T18:41:02.098074+00:00,BTC/USDT,kraken,binance,65769.99000000,71695.11000000,0.01,56.82422916,1.71001974,0.71695110,2.50,54.32422916,0.08238309,ARB-20260811184102098,1,14197,FILLED
620,1786473662083566100,2026-08-11T18:41:02.083585+00:00,BTC/USDT,kraken,binance,65769.99000000,71695.11000000,0.01,56.82422916,1.71001974,0.71695110,2.50,54.32422916,0.08238309,ARB-20260811184102083,1,13367,FILLED
619,1786473662067941100,2026-08-11T18:41:02.067959+00:00,BTC/USDT,kraken,binance,65310.03000000,71671.11000000,0.01,61.19602812,1.69806078,0.71671110,2.50,58.69602812,0.08963985,ARB-20260811184102067,1,14324,FILLED
618,1786473662052514600,2026-08-11T18:41:02.052533+00:00,BTC/USDT,kraken,binance,65310.03000000,71671.11000000,0.01,61.19602812,1.69806078,0.71671110,2.50,58.69602812,0.08963985,ARB-20260811184102052,1,14203,FILLED
617,1786473662037260100,2026-08-11T18:41:02.037280+00:00,BTC/USDT,kraken,binance,65310.03000000,71671.11000000,0.01,61.19602812,1.69806078,0.71671110,2.50,58.69602812,0.08963985,ARB-20260811184102037,1,13998,FILLED
616,1786473662021008500,2026-08-11T18:41:02.021027+00:00,BTC/USDT,kraken,binance,65310.03000000,71671.11000000,0.01,61.19602812,1.69806078,0.71671110,2.50,58.69602812,0.08963985,ARB-20260811184102020,1,15043,FILLED
615,1786473662005061600,2026-08-11T18:41:02.005079+00:00,BTC/USDT,kraken,binance,65310.03000000,71671.11000000,0.01,61.19602812,1.69806078,0.71671110,2.50,58.69602812,0.08963985,ARB-20260811184102005,1,14926,FILLED
614,1786473661990039700,2026-08-11T18:41:01.990057+00:00,BTC/USDT,kraken,binance,65310.03000000,71671.11000000,0.01,61.19602812,1.69806078,0.71671110,2.50,58.69602812,0.08963985,ARB-20260811184101990,1,13887,FILLED
613,1786473661974835800,2026-08-11T18:41:01.974853+00:00,BTC/USDT,kraken,binance,65310.03000000,71671.11000000,0.01,61.19602812,1.69806078,0.71671110,2.50,58.69602812,0.08963985,ARB-20260811184101974,1,14086,FILLED
612,1786473661958877900,2026-08-11T18:41:01.958895+00:00,BTC/USDT,kraken,binance,64973.49000000,71776.72000000,0.01,65.62522206,1.68931074,0.71776720,2.50,63.12522206,0.09690340,ARB-20260811184101958,1,14736,FILLED
611,1786473661942887900,2026-08-11T18:41:01.942905+00:00,BTC/USDT,kraken,binance,64973.49000000,71776.72000000,0.01,65.62522206,1.68931074,0.71776720,2.50,63.12522206,0.09690340,ARB-20260811184101942,1,14778,FILLED
610,1786473661927685800,2026-08-11T18:41:01.927704+00:00,BTC/USDT,kraken,binance,64973.49000000,71776.72000000,0.01,65.62522206,1.68931074,0.71776720,2.50,63.12522206,0.09690340,ARB-20260811184101927,1,13898,FILLED
609,1786473661912279900,2026-08-11T18:41:01.912298+00:00,BTC/USDT,kraken,binance,64973.49000000,71776.72000000,0.01,65.62522206,1.68931074,0.71776720,2.50,63.12522206,0.09690340,ARB-20260811184101912,1,14170,FILLED
608,1786473661896105500,2026-08-11T18:41:01.896123+00:00,BTC/USDT,kraken,binance,64973.49000000,71776.72000000,0.01,65.62522206,1.68931074,0.71776720,2.50,63.12522206,0.09690340,ARB-20260811184101896,1,15009,FILLED
607,1786473661880960000,2026-08-11T18:41:01.880977+00:00,BTC/USDT,kraken,binance,64973.49000000,71776.72000000,0.01,65.62522206,1.68931074,0.71776720,2.50,63.12522206,0.09690340,ARB-20260811184101880,1,14010,FILLED
606,1786473661866751100,2026-08-11T18:41:01.866769+00:00,BTC/USDT,kraken,binance,64973.49000000,71776.72000000,0.01,65.62522206,1.68931074,0.71776720,2.50,63.12522206,0.09690340,ARB-20260811184101866,1,13078,FILLED
605,1786473661850498100,2026-08-11T18:41:01.850515+00:00,BTC/USDT,kraken,binance,64599.78000000,71709.98000000,0.01,68.70530592,1.67959428,0.71709980,2.50,66.20530592,0.10221957,ARB-20260811184101850,1,14777,FILLED
604,1786473661835302700,2026-08-11T18:41:01.835320+00:00,BTC/USDT,kraken,binance,64599.78000000,71709.98000000,0.01,68.70530592,1.67959428,0.71709980,2.50,66.20530592,0.10221957,ARB-20260811184101835,1,14130,FILLED
603,1786473661820086100,2026-08-11T18:41:01.820103+00:00,BTC/USDT,kraken,binance,64599.78000000,71709.98000000,0.01,68.70530592,1.67959428,0.71709980,2.50,66.20530592,0.10221957,ARB-20260811184101820,1,14073,FILLED
602,1786473661804388000,2026-08-11T18:41:01.804405+00:00,BTC/USDT,kraken,binance,64599.78000000,71709.98000000,0.01,68.70530592,1.67959428,0.71709980,2.50,66.20530592,0.10221957,ARB-20260811184101804,1,14588,FILLED
601,1786473661789357800,2026-08-11T18:41:01.789374+00:00,BTC/USDT,kraken,binance,64599.78000000,71709.98000000,0.01,68.70530592,1.67959428,0.71709980,2.50,66.20530592,0.10221957,ARB-20260811184101789,1,13878,FILLED
600,1786473661773699900,2026-08-11T18:41:01.773719+00:00,BTC/USDT,kraken,binance,64599.78000000,71709.98000000,0.01,68.70530592,1.67959428,0.71709980,2.50,66.20530592,0.10221957,ARB-20260811184101773,1,14502,FILLED
599,1786473661758695100,2026-08-11T18:41:01.758712+00:00,BTC/USDT,kraken,binance,64599.78000000,71709.98000000,0.01,68.70530592,1.67959428,0.71709980,2.50,66.20530592,0.10221957,ARB-20260811184101758,1,13828,FILLED
598,1786473661742221600,2026-08-11T18:41:01.742238+00:00,BTC/USDT,kraken,binance,64023.87000000,71592.24000000,0.01,73.30315698,1.66462062,0.71592240,2.50,70.80315698,0.11030190,ARB-20260811184101742,1,15346,FILLED
597,1786473661726555400,2026-08-11T18:41:01.726572+00:00,BTC/USDT,kraken,binance,64023.87000000,71592.24000000,0.01,73.30315698,1.66462062,0.71592240,2.50,70.80315698,0.11030190,ARB-20260811184101726,1,14519,FILLED
596,1786473661711254300,2026-08-11T18:41:01.711282+00:00,BTC/USDT,kraken,binance,64023.87000000,71592.24000000,0.01,73.30315698,1.66462062,0.71592240,2.50,70.80315698,0.11030190,ARB-20260811184101711,1,14150,FILLED
595,1786473661695523900,2026-08-11T18:41:01.695541+00:00,BTC/USDT,kraken,binance,64023.87000000,71592.24000000,0.01,73.30315698,1.66462062,0.71592240,2.50,70.80315698,0.11030190,ARB-20260811184101695,1,14614,FILLED
594,1786473661679823700,2026-08-11T18:41:01.679841+00:00,BTC/USDT,kraken,binance,64023.87000000,71592.24000000,0.01,73.30315698,1.66462062,0.71592240,2.50,70.80315698,0.11030190,ARB-20260811184101679,1,14503,FILLED
593,1786473661664515100,2026-08-11T18:41:01.664532+00:00,BTC/USDT,kraken,binance,64023.87000000,71592.24000000,0.01,73.30315698,1.66462062,0.71592240,2.50,70.80315698,0.11030190,ARB-20260811184101664,1,14160,FILLED
592,1786473661650315500,2026-08-11T18:41:01.650333+00:00,BTC/USDT,kraken,binance,64023.87000000,71592.24000000,0.01,73.30315698,1.66462062,0.71592240,2.50,70.80315698,0.11030190,ARB-20260811184101650,1,13069,FILLED
591,1786473661634523700,2026-08-11T18:41:01.634541+00:00,BTC/USDT,kraken,binance,63507.80000000,71928.02000000,0.01,81.83171700,1.65120280,0.71928020,2.50,79.33171700,0.12459255,ARB-20260811184101634,1,14621,FILLED
590,1786473661618830300,2026-08-11T18:41:01.618848+00:00,BTC/USDT,kraken,binance,63507.80000000,71928.02000000,0.01,81.83171700,1.65120280,0.71928020,2.50,79.33171700,0.12459255,ARB-20260811184101618,1,14528,FILLED
589,1786473661603401300,2026-08-11T18:41:01.603419+00:00,BTC/USDT,kraken,binance,63507.80000000,71928.02000000,0.01,81.83171700,1.65120280,0.71928020,2.50,79.33171700,0.12459255,ARB-20260811184101603,1,14289,FILLED
588,1786473661588405400,2026-08-11T18:41:01.588425+00:00,BTC/USDT,kraken,binance,63507.80000000,71928.02000000,0.01,81.83171700,1.65120280,0.71928020,2.50,79.33171700,0.12459255,ARB-20260811184101588,1,13892,FILLED
587,1786473661572636600,2026-08-11T18:41:01.572654+00:00,BTC/USDT,kraken,binance,63507.80000000,71928.02000000,0.01,81.83171700,1.65120280,0.71928020,2.50,79.33171700,0.12459255,ARB-20260811184101572,1,14675,FILLED
586,1786473661557279100,2026-08-11T18:41:01.557298+00:00,BTC/USDT,kraken,binance,63507.80000000,71928.02000000,0.01,81.83171700,1.65120280,0.71928020,2.50,79.33171700,0.12459255,ARB-20260811184101557,1,14209,FILLED
585,1786473661542792200,2026-08-11T18:41:01.542810+00:00,BTC/USDT,kraken,binance,63507.80000000,71928.02000000,0.01,81.83171700,1.65120280,0.71928020,2.50,79.33171700,0.12459255,ARB-20260811184101542,1,13184,FILLED
584,1786473661525902300,2026-08-11T18:41:01.525920+00:00,BTC/USDT,kraken,binance,62872.15000000,71687.46000000,0.01,85.80154950,1.63467590,0.71687460,2.50,83.30154950,0.13214997,ARB-20260811184101525,1,15702,FILLED
583,1786473661509887400,2026-08-11T18:41:01.509905+00:00,BTC/USDT,kraken,binance,62872.15000000,71687.46000000,0.01,85.80154950,1.63467590,0.71687460,2.50,83.30154950,0.13214997,ARB-20260811184101509,1,14881,FILLED
582,1786473661494530500,2026-08-11T18:41:01.494553+00:00,BTC/USDT,kraken,binance,62872.15000000,71687.46000000,0.01,85.80154950,1.63467590,0.71687460,2.50,83.30154950,0.13214997,ARB-20260811184101494,1,14202,FILLED
581,1786473661479201100,2026-08-11T18:41:01.479220+00:00,BTC/USDT,kraken,binance,62872.15000000,71687.46000000,0.01,85.80154950,1.63467590,0.71687460,2.50,83.30154950,0.13214997,ARB-20260811184101479,1,14190,FILLED
580,1786473661463475800,2026-08-11T18:41:01.463493+00:00,BTC/USDT,kraken,binance,62872.15000000,71687.46000000,0.01,85.80154950,1.63467590,0.71687460,2.50,83.30154950,0.13214997,ARB-20260811184101463,1,14560,FILLED
579,1786473661447889000,2026-08-11T18:41:01.447907+00:00,BTC/USDT,kraken,binance,62872.15000000,71687.46000000,0.01,85.80154950,1.63467590,0.71687460,2.50,83.30154950,0.13214997,ARB-20260811184101447,1,14507,FILLED
578,1786473661433146300,2026-08-11T18:41:01.433164+00:00,BTC/USDT,kraken,binance,62872.15000000,71687.46000000,0.01,85.80154950,1.63467590,0.71687460,2.50,83.30154950,0.13214997,ARB-20260811184101433,1,13553,FILLED
577,1786473661417558000,2026-08-11T18:41:01.417577+00:00,BTC/USDT,kraken,binance,62469.78000000,71658.07000000,0.01,89.54210502,1.62421428,0.71658070,2.50,87.04210502,0.13897341,ARB-20260811184101417,1,14366,FILLED
576,1786473661401377200,2026-08-11T18:41:01.401394+00:00,BTC/USDT,kraken,binance,62469.78000000,71658.07000000,0.01,89.54210502,1.62421428,0.71658070,2.50,87.04210502,0.13897341,ARB-20260811184101401,1,14918,FILLED
575,1786473661385852400,2026-08-11T18:41:01.385871+00:00,BTC/USDT,kraken,binance,62469.78000000,71658.07000000,0.01,89.54210502,1.62421428,0.71658070,2.50,87.04210502,0.13897341,ARB-20260811184101385,1,14350,FILLED
574,1786473661370540900,2026-08-11T18:41:01.370558+00:00,BTC/USDT,kraken,binance,62469.78000000,71658.07000000,0.01,89.54210502,1.62421428,0.71658070,2.50,87.04210502,0.13897341,ARB-20260811184101370,1,14104,FILLED
573,1786473661355061800,2026-08-11T18:41:01.355081+00:00,BTC/USDT,kraken,binance,62469.78000000,71658.07000000,0.01,89.54210502,1.62421428,0.71658070,2.50,87.04210502,0.13897341,ARB-20260811184101355,1,14374,FILLED
572,1786473661339184900,2026-08-11T18:41:01.339203+00:00,BTC/USDT,kraken,binance,62469.78000000,71658.07000000,0.01,89.54210502,1.62421428,0.71658070,2.50,87.04210502,0.13897341,ARB-20260811184101339,1,14616,FILLED
571,1786473661324114200,2026-08-11T18:41:01.324132+00:00,BTC/USDT,kraken,binance,62469.78000000,71658.07000000,0.01,89.54210502,1.62421428,0.71658070,2.50,87.04210502,0.13897341,ARB-20260811184101324,1,13786,FILLED
570,1786473661308213400,2026-08-11T18:41:01.308231+00:00,BTC/USDT,kraken,binance,62996.24000000,71892.32000000,0.01,86.60397456,1.63790224,0.71892320,2.50,84.10397456,0.13316012,ARB-20260811184101308,1,14728,FILLED
569,1786473661293438600,2026-08-11T18:41:01.293456+00:00,BTC/USDT,kraken,binance,62996.24000000,71892.32000000,0.01,86.60397456,1.63790224,0.71892320,2.50,84.10397456,0.13316012,ARB-20260811184101293,1,13720,FILLED
568,1786473661278342000,2026-08-11T18:41:01.278364+00:00,BTC/USDT,kraken,binance,62996.24000000,71892.32000000,0.01,86.60397456,1.63790224,0.71892320,2.50,84.10397456,0.13316012,ARB-20260811184101278,1,13880,FILLED
567,1786473661262768400,2026-08-11T18:41:01.262786+00:00,BTC/USDT,kraken,binance,62996.24000000,71892.32000000,0.01,86.60397456,1.63790224,0.71892320,2.50,84.10397456,0.13316012,ARB-20260811184101262,1,14449,FILLED
566,1786473661247544300,2026-08-11T18:41:01.247563+00:00,BTC/USDT,kraken,binance,62996.24000000,71892.32000000,0.01,86.60397456,1.63790224,0.71892320,2.50,84.10397456,0.13316012,ARB-20260811184101247,1,13955,FILLED
565,1786473661232345900,2026-08-11T18:41:01.232363+00:00,BTC/USDT,kraken,binance,62996.24000000,71892.32000000,0.01,86.60397456,1.63790224,0.71892320,2.50,84.10397456,0.13316012,ARB-20260811184101232,1,13917,FILLED
564,1786473661218479500,2026-08-11T18:41:01.218499+00:00,BTC/USDT,kraken,binance,62996.24000000,71892.32000000,0.01,86.60397456,1.63790224,0.71892320,2.50,84.10397456,0.13316012,ARB-20260811184101218,1,12621,FILLED
563,1786473661200980800,2026-08-11T18:41:01.200998+00:00,BTC/USDT,kraken,binance,63504.91000000,71790.56000000,0.01,80.48746674,1.65112766,0.71790560,2.50,77.98746674,0.12248695,ARB-20260811184101200,1,15613,FILLED
562,1786473661185950500,2026-08-11T18:41:01.185970+00:00,BTC/USDT,kraken,binance,63504.91000000,71790.56000000,0.01,80.48746674,1.65112766,0.71790560,2.50,77.98746674,0.12248695,ARB-20260811184101185,1,13818,FILLED
561,1786473661170960300,2026-08-11T18:41:01.170978+00:00,BTC/USDT,kraken,binance,63504.91000000,71790.56000000,0.01,80.48746674,1.65112766,0.71790560,2.50,77.98746674,0.12248695,ARB-20260811184101170,1,13669,FILLED
560,1786473661155586900,2026-08-11T18:41:01.155605+00:00,BTC/USDT,kraken,binance,63504.91000000,71790.56000000,0.01,80.48746674,1.65112766,0.71790560,2.50,77.98746674,0.12248695,ARB-20260811184101155,1,14099,FILLED
559,1786473661140581600,2026-08-11T18:41:01.140600+00:00,BTC/USDT,kraken,binance,63504.91000000,71790.56000000,0.01,80.48746674,1.65112766,0.71790560,2.50,77.98746674,0.12248695,ARB-20260811184101140,1,13857,FILLED
558,1786473661124598800,2026-08-11T18:41:01.124616+00:00,BTC/USDT,kraken,binance,63504.91000000,71790.56000000,0.01,80.48746674,1.65112766,0.71790560,2.50,77.98746674,0.12248695,ARB-20260811184101124,1,14795,FILLED
557,1786473661109951700,2026-08-11T18:41:01.109977+00:00,BTC/USDT,kraken,binance,63504.91000000,71790.56000000,0.01,80.48746674,1.65112766,0.71790560,2.50,77.98746674,0.12248695,ARB-20260811184101109,1,13538,FILLED
556,1786473661093591800,2026-08-11T18:41:01.093610+00:00,BTC/USDT,kraken,binance,64184.18000000,71530.54000000,0.01,71.07950592,1.66878868,0.71530540,2.50,68.57950592,0.10657091,ARB-20260811184101093,1,14991,FILLED
555,1786473661078536800,2026-08-11T18:41:01.078596+00:00,BTC/USDT,kraken,binance,64184.18000000,71530.54000000,0.01,71.07950592,1.66878868,0.71530540,2.50,68.57950592,0.10657091,ARB-20260811184101078,1,13547,FILLED
554,1786473661062605800,2026-08-11T18:41:01.062637+00:00,BTC/USDT,kraken,binance,64184.18000000,71530.54000000,0.01,71.07950592,1.66878868,0.71530540,2.50,68.57950592,0.10657091,ARB-20260811184101062,1,14468,FILLED
553,1786473661047041600,2026-08-11T18:41:01.047060+00:00,BTC/USDT,kraken,binance,64184.18000000,71530.54000000,0.01,71.07950592,1.66878868,0.71530540,2.50,68.57950592,0.10657091,ARB-20260811184101047,1,14499,FILLED
552,1786473661031418300,2026-08-11T18:41:01.031436+00:00,BTC/USDT,kraken,binance,64184.18000000,71530.54000000,0.01,71.07950592,1.66878868,0.71530540,2.50,68.57950592,0.10657091,ARB-20260811184101031,1,13986,FILLED
551,1786473661016692600,2026-08-11T18:41:01.016711+00:00,BTC/USDT,kraken,binance,64184.18000000,71530.54000000,0.01,71.07950592,1.66878868,0.71530540,2.50,68.57950592,0.10657091,ARB-20260811184101016,1,13661,FILLED
550,1786473661002110500,2026-08-11T18:41:01.002127+00:00,BTC/USDT,kraken,binance,64184.18000000,71530.54000000,0.01,71.07950592,1.66878868,0.71530540,2.50,68.57950592,0.10657091,ARB-20260811184101002,1,13384,FILLED
549,1786473660986321700,2026-08-11T18:41:00.986341+00:00,BTC/USDT,kraken,binance,64579.30000000,71687.67000000,0.01,68.68776150,1.67906180,0.71687670,2.50,66.18776150,0.10222489,ARB-20260811184100986,1,14584,FILLED
548,1786473660971240200,2026-08-11T18:41:00.971259+00:00,BTC/USDT,kraken,binance,64579.30000000,71687.67000000,0.01,68.68776150,1.67906180,0.71687670,2.50,66.18776150,0.10222489,ARB-20260811184100971,1,13875,FILLED
547,1786473660956304800,2026-08-11T18:41:00.956324+00:00,BTC/USDT,kraken,binance,64579.30000000,71687.67000000,0.01,68.68776150,1.67906180,0.71687670,2.50,66.18776150,0.10222489,ARB-20260811184100956,1,13600,FILLED
546,1786473660940988100,2026-08-11T18:41:00.941007+00:00,BTC/USDT,kraken,binance,64579.30000000,71687.67000000,0.01,68.68776150,1.67906180,0.71687670,2.50,66.18776150,0.10222489,ARB-20260811184100940,1,13881,FILLED
545,1786473660925707100,2026-08-11T18:41:00.925726+00:00,BTC/USDT,kraken,binance,64579.30000000,71687.67000000,0.01,68.68776150,1.67906180,0.71687670,2.50,66.18776150,0.10222489,ARB-20260811184100925,1,13743,FILLED
544,1786473660910413600,2026-08-11T18:41:00.910444+00:00,BTC/USDT,kraken,binance,64579.30000000,71687.67000000,0.01,68.68776150,1.67906180,0.71687670,2.50,66.18776150,0.10222489,ARB-20260811184100910,1,14011,FILLED
543,1786473660895669200,2026-08-11T18:41:00.895688+00:00,BTC/USDT,kraken,binance,64579.30000000,71687.67000000,0.01,68.68776150,1.67906180,0.71687670,2.50,66.18776150,0.10222489,ARB-20260811184100895,1,13414,FILLED
542,1786473660878624800,2026-08-11T18:41:00.878643+00:00,BTC/USDT,kraken,binance,65137.66000000,71474.38000000,0.01,60.95887704,1.69357916,0.71474380,2.50,58.45887704,0.08951393,ARB-20260811184100878,1,15846,FILLED
541,1786473660863949500,2026-08-11T18:41:00.863967+00:00,BTC/USDT,kraken,binance,65137.66000000,71474.38000000,0.01,60.95887704,1.69357916,0.71474380,2.50,58.45887704,0.08951393,ARB-20260811184100863,1,13483,FILLED
540,1786473660849339200,2026-08-11T18:41:00.849358+00:00,BTC/USDT,kraken,binance,65137.66000000,71474.38000000,0.01,60.95887704,1.69357916,0.71474380,2.50,58.45887704,0.08951393,ARB-20260811184100849,1,13086,FILLED
539,1786473660834049600,2026-08-11T18:41:00.834067+00:00,BTC/USDT,kraken,binance,65137.66000000,71474.38000000,0.01,60.95887704,1.69357916,0.71474380,2.50,58.45887704,0.08951393,ARB-20260811184100834,1,13870,FILLED
538,1786473660818509100,2026-08-11T18:41:00.818529+00:00,BTC/USDT,kraken,binance,65137.66000000,71474.38000000,0.01,60.95887704,1.69357916,0.71474380,2.50,58.45887704,0.08951393,ARB-20260811184100818,1,14125,FILLED
537,1786473660803609000,2026-08-11T18:41:00.803628+00:00,BTC/USDT,kraken,binance,65137.66000000,71474.38000000,0.01,60.95887704,1.69357916,0.71474380,2.50,58.45887704,0.08951393,ARB-20260811184100803,1,13733,FILLED
536,1786473660789089300,2026-08-11T18:41:00.789107+00:00,BTC/USDT,kraken,binance,65137.66000000,71474.38000000,0.01,60.95887704,1.69357916,0.71474380,2.50,58.45887704,0.08951393,ARB-20260811184100789,1,13142,FILLED
535,1786473660773235200,2026-08-11T18:41:00.773254+00:00,BTC/USDT,kraken,binance,65165.10000000,71439.96000000,0.01,60.33990780,1.69429260,0.71439960,2.50,57.83990780,0.08852885,ARB-20260811184100773,1,14756,FILLED
534,1786473660757579000,2026-08-11T18:41:00.757597+00:00,BTC/USDT,kraken,binance,65165.10000000,71439.96000000,0.01,60.33990780,1.69429260,0.71439960,2.50,57.83990780,0.08852885,ARB-20260811184100757,1,14407,FILLED
533,1786473660742545400,2026-08-11T18:41:00.742564+00:00,BTC/USDT,kraken,binance,65165.10000000,71439.96000000,0.01,60.33990780,1.69429260,0.71439960,2.50,57.83990780,0.08852885,ARB-20260811184100742,1,13811,FILLED
532,1786473660728327200,2026-08-11T18:41:00.728350+00:00,BTC/USDT,kraken,binance,65165.10000000,71439.96000000,0.01,60.33990780,1.69429260,0.71439960,2.50,57.83990780,0.08852885,ARB-20260811184100728,1,12774,FILLED
531,1786473660713228900,2026-08-11T18:41:00.713247+00:00,BTC/USDT,kraken,binance,65165.10000000,71439.96000000,0.01,60.33990780,1.69429260,0.71439960,2.50,57.83990780,0.08852885,ARB-20260811184100713,1,13140,FILLED
530,1786473660697869700,2026-08-11T18:41:00.697889+00:00,BTC/USDT,kraken,binance,65165.10000000,71439.96000000,0.01,60.33990780,1.69429260,0.71439960,2.50,57.83990780,0.08852885,ARB-20260811184100697,1,13230,FILLED
529,1786473660683117900,2026-08-11T18:41:00.683135+00:00,BTC/USDT,kraken,binance,65165.10000000,71439.96000000,0.01,60.33990780,1.69429260,0.71439960,2.50,57.83990780,0.08852885,ARB-20260811184100683,1,13064,FILLED
528,1786473660667217000,2026-08-11T18:41:00.667236+00:00,BTC/USDT,kraken,binance,64986.66000000,71771.93000000,0.01,65.44532754,1.68965316,0.71771930,2.50,62.94532754,0.09660766,ARB-20260811184100667,1,14714,FILLED
527,1786473660652132800,2026-08-11T18:41:00.652152+00:00,BTC/USDT,kraken,binance,64986.66000000,71771.93000000,0.01,65.44532754,1.68965316,0.71771930,2.50,62.94532754,0.09660766,ARB-20260811184100652,1,13770,FILLED
526,1786473660636643400,2026-08-11T18:41:00.636675+00:00,BTC/USDT,kraken,binance,64986.66000000,71771.93000000,0.01,65.44532754,1.68965316,0.71771930,2.50,62.94532754,0.09660766,ARB-20260811184100636,1,13673,FILLED
525,1786473660621564600,2026-08-11T18:41:00.621583+00:00,BTC/USDT,kraken,binance,64986.66000000,71771.93000000,0.01,65.44532754,1.68965316,0.71771930,2.50,62.94532754,0.09660766,ARB-20260811184100621,1,13696,FILLED
524,1786473660606344400,2026-08-11T18:41:00.606363+00:00,BTC/USDT,kraken,binance,64986.66000000,71771.93000000,0.01,65.44532754,1.68965316,0.71771930,2.50,62.94532754,0.09660766,ARB-20260811184100606,1,13781,FILLED
523,1786473660591001500,2026-08-11T18:41:00.591022+00:00,BTC/USDT,kraken,binance,64986.66000000,71771.93000000,0.01,65.44532754,1.68965316,0.71771930,2.50,62.94532754,0.09660766,ARB-20260811184100590,1,13999,FILLED
522,1786473660577795900,2026-08-11T18:41:00.577902+00:00,BTC/USDT,kraken,binance,64986.66000000,71771.93000000,0.01,65.44532754,1.68965316,0.71771930,2.50,62.94532754,0.09660766,ARB-20260811184100577,1,11495,FILLED
521,1786473660561152500,2026-08-11T18:41:00.561171+00:00,BTC/USDT,kraken,binance,65217.37000000,71659.72000000,0.01,62.01125118,1.69565162,0.71659720,2.50,59.51125118,0.09101398,ARB-20260811184100561,1,14546,FILLED
520,1786473660546927000,2026-08-11T18:41:00.546947+00:00,BTC/USDT,kraken,binance,65217.37000000,71659.72000000,0.01,62.01125118,1.69565162,0.71659720,2.50,59.51125118,0.09101398,ARB-20260811184100546,1,12805,FILLED
519,1786473660530777100,2026-08-11T18:41:00.530795+00:00,BTC/USDT,kraken,binance,65217.37000000,71659.72000000,0.01,62.01125118,1.69565162,0.71659720,2.50,59.51125118,0.09101398,ARB-20260811184100530,1,14121,FILLED
518,1786473660515888100,2026-08-11T18:41:00.515907+00:00,BTC/USDT,kraken,binance,65217.37000000,71659.72000000,0.01,62.01125118,1.69565162,0.71659720,2.50,59.51125118,0.09101398,ARB-20260811184100515,1,13459,FILLED
517,1786473660500209200,2026-08-11T18:41:00.500228+00:00,BTC/USDT,kraken,binance,65217.37000000,71659.72000000,0.01,62.01125118,1.69565162,0.71659720,2.50,59.51125118,0.09101398,ARB-20260811184100500,1,14371,FILLED
516,1786473660485293600,2026-08-11T18:41:00.485312+00:00,BTC/USDT,kraken,binance,65217.37000000,71659.72000000,0.01,62.01125118,1.69565162,0.71659720,2.50,59.51125118,0.09101398,ARB-20260811184100485,1,13700,FILLED
515,1786473660470749400,2026-08-11T18:41:00.470767+00:00,BTC/USDT,kraken,binance,65217.37000000,71659.72000000,0.01,62.01125118,1.69565162,0.71659720,2.50,59.51125118,0.09101398,ARB-20260811184100470,1,13340,FILLED
514,1786473660454917100,2026-08-11T18:41:00.454936+00:00,BTC/USDT,kraken,binance,65305.12000000,71520.05000000,0.01,59.73616638,1.69793312,0.71520050,2.50,57.23616638,0.08741694,ARB-20260811184100454,1,14658,FILLED
513,1786473660438793800,2026-08-11T18:41:00.438812+00:00,BTC/USDT,kraken,binance,65305.12000000,71520.05000000,0.01,59.73616638,1.69793312,0.71520050,2.50,57.23616638,0.08741694,ARB-20260811184100438,1,14958,FILLED
512,1786473660424032600,2026-08-11T18:41:00.424050+00:00,BTC/USDT,kraken,binance,65305.12000000,71520.05000000,0.01,59.73616638,1.69793312,0.71520050,2.50,57.23616638,0.08741694,ARB-20260811184100424,1,13648,FILLED
511,1786473660408566600,2026-08-11T18:41:00.408584+00:00,BTC/USDT,kraken,binance,65305.12000000,71520.05000000,0.01,59.73616638,1.69793312,0.71520050,2.50,57.23616638,0.08741694,ARB-20260811184100408,1,14239,FILLED
510,1786473660393825500,2026-08-11T18:41:00.393891+00:00,BTC/USDT,kraken,binance,65305.12000000,71520.05000000,0.01,59.73616638,1.69793312,0.71520050,2.50,57.23616638,0.08741694,ARB-20260811184100393,1,13220,FILLED
509,1786473660378871800,2026-08-11T18:41:00.378890+00:00,BTC/USDT,kraken,binance,65305.12000000,71520.05000000,0.01,59.73616638,1.69793312,0.71520050,2.50,57.23616638,0.08741694,ARB-20260811184100378,1,13593,FILLED
508,1786473660363943100,2026-08-11T18:41:00.363960+00:00,BTC/USDT,kraken,binance,65305.12000000,71520.05000000,0.01,59.73616638,1.69793312,0.71520050,2.50,57.23616638,0.08741694,ARB-20260811184100363,1,13805,FILLED
507,1786473660348038100,2026-08-11T18:41:00.348055+00:00,BTC/USDT,kraken,binance,65406.14000000,71324.34000000,0.01,56.76819696,1.70055964,0.71324340,2.50,54.26819696,0.08275594,ARB-20260811184100348,1,14730,FILLED
506,1786473660332558800,2026-08-11T18:41:00.332577+00:00,BTC/USDT,kraken,binance,65406.14000000,71324.34000000,0.01,56.76819696,1.70055964,0.71324340,2.50,54.26819696,0.08275594,ARB-20260811184100332,1,14370,FILLED
505,1786473660317318500,2026-08-11T18:41:00.317337+00:00,BTC/USDT,kraken,binance,65406.14000000,71324.34000000,0.01,56.76819696,1.70055964,0.71324340,2.50,54.26819696,0.08275594,ARB-20260811184100317,1,14079,FILLED
504,1786473660301968000,2026-08-11T18:41:00.301986+00:00,BTC/USDT,kraken,binance,65406.14000000,71324.34000000,0.01,56.76819696,1.70055964,0.71324340,2.50,54.26819696,0.08275594,ARB-20260811184100301,1,13991,FILLED
503,1786473660287158600,2026-08-11T18:41:00.287181+00:00,BTC/USDT,kraken,binance,65406.14000000,71324.34000000,0.01,56.76819696,1.70055964,0.71324340,2.50,54.26819696,0.08275594,ARB-20260811184100287,1,13597,FILLED
502,1786473660271288000,2026-08-11T18:41:00.271308+00:00,BTC/USDT,kraken,binance,65406.14000000,71324.34000000,0.01,56.76819696,1.70055964,0.71324340,2.50,54.26819696,0.08275594,ARB-20260811184100271,1,14467,FILLED
501,1786473660256845200,2026-08-11T18:41:00.256863+00:00,BTC/USDT,kraken,binance,65406.14000000,71324.34000000,0.01,56.76819696,1.70055964,0.71324340,2.50,54.26819696,0.08275594,ARB-20260811184100256,1,13261,FILLED
500,1786473660240373400,2026-08-11T18:41:00.240392+00:00,BTC/USDT,kraken,binance,65293.26000000,71148.23000000,0.01,56.14059294,1.69762476,0.71148230,2.50,53.64059294,0.08194029,ARB-20260811184100240,1,15336,FILLED
499,1786473660224377900,2026-08-11T18:41:00.224396+00:00,BTC/USDT,kraken,binance,65293.26000000,71148.23000000,0.01,56.14059294,1.69762476,0.71148230,2.50,53.64059294,0.08194029,ARB-20260811184100224,1,14592,FILLED
498,1786473660209130400,2026-08-11T18:41:00.209149+00:00,BTC/USDT,kraken,binance,65293.26000000,71148.23000000,0.01,56.14059294,1.69762476,0.71148230,2.50,53.64059294,0.08194029,ARB-20260811184100209,1,14133,FILLED
497,1786473660193724400,2026-08-11T18:41:00.193744+00:00,BTC/USDT,kraken,binance,65293.26000000,71148.23000000,0.01,56.14059294,1.69762476,0.71148230,2.50,53.64059294,0.08194029,ARB-20260811184100193,1,14175,FILLED
496,1786473660177743400,2026-08-11T18:41:00.177763+00:00,BTC/USDT,kraken,binance,65293.26000000,71148.23000000,0.01,56.14059294,1.69762476,0.71148230,2.50,53.64059294,0.08194029,ARB-20260811184100177,1,14686,FILLED
495,1786473660162785000,2026-08-11T18:41:00.162803+00:00,BTC/USDT,kraken,binance,65293.26000000,71148.23000000,0.01,56.14059294,1.69762476,0.71148230,2.50,53.64059294,0.08194029,ARB-20260811184100162,1,13658,FILLED
494,1786473660147041800,2026-08-11T18:41:00.147060+00:00,BTC/USDT,kraken,binance,65293.26000000,71148.23000000,0.01,56.14059294,1.69762476,0.71148230,2.50,53.64059294,0.08194029,ARB-20260811184100147,1,14052,FILLED
493,1786473660131246600,2026-08-11T18:41:00.131274+00:00,BTC/USDT,kraken,binance,65279.63000000,71243.45000000,0.01,57.22849512,1.69727038,0.71243450,2.50,54.72849512,0.08361961,ARB-20260811184100131,1,14582,FILLED
492,1786473660116180100,2026-08-11T18:41:00.116198+00:00,BTC/USDT,kraken,binance,65279.63000000,71243.45000000,0.01,57.22849512,1.69727038,0.71243450,2.50,54.72849512,0.08361961,ARB-20260811184100116,1,13761,FILLED
491,1786473660100770600,2026-08-11T18:41:00.100790+00:00,BTC/USDT,kraken,binance,65279.63000000,71243.45000000,0.01,57.22849512,1.69727038,0.71243450,2.50,54.72849512,0.08361961,ARB-20260811184100100,1,13943,FILLED
490,1786473660087956900,2026-08-11T18:41:00.087992+00:00,BTC/USDT,kraken,binance,65279.63000000,71243.45000000,0.01,57.22849512,1.69727038,0.71243450,2.50,54.72849512,0.08361961,ARB-20260811184100086,1,11291,FILLED
489,1786473660069942100,2026-08-11T18:41:00.069961+00:00,BTC/USDT,kraken,binance,65279.63000000,71243.45000000,0.01,57.22849512,1.69727038,0.71243450,2.50,54.72849512,0.08361961,ARB-20260811184100069,1,13886,FILLED
488,1786473660054869700,2026-08-11T18:41:00.054895+00:00,BTC/USDT,kraken,binance,65279.63000000,71243.45000000,0.01,57.22849512,1.69727038,0.71243450,2.50,54.72849512,0.08361961,ARB-20260811184100054,1,13901,FILLED
487,1786473660042544000,2026-08-11T18:41:00.042565+00:00,BTC/USDT,kraken,binance,65279.63000000,71243.45000000,0.01,57.22849512,1.69727038,0.71243450,2.50,54.72849512,0.08361961,ARB-20260811184100042,1,10689,FILLED
486,1786473660040064800,2026-08-11T18:41:00.040086+00:00,BTC/USDT,kraken,binance,65329.60000000,71363.60000000,0.01,57.92779440,1.69856960,0.71363600,2.50,55.42779440,0.08462329,ARB-20260811184100040,1,1183,FILLED
485,1786473660023720700,2026-08-11T18:41:00.023738+00:00,BTC/USDT,kraken,binance,65329.60000000,71363.60000000,0.01,57.92779440,1.69856960,0.71363600,2.50,55.42779440,0.08462329,ARB-20260811184100023,1,14887,FILLED
484,1786473660011180500,2026-08-11T18:41:00.011203+00:00,BTC/USDT,kraken,binance,65329.60000000,71363.60000000,0.01,57.92779440,1.69856960,0.71363600,2.50,55.42779440,0.08462329,ARB-20260811184100011,1,11104,FILLED
483,1786473659991763500,2026-08-11T18:40:59.991781+00:00,BTC/USDT,kraken,binance,65329.60000000,71363.60000000,0.01,57.92779440,1.69856960,0.71363600,2.50,55.42779440,0.08462329,ARB-20260811184059991,1,14856,FILLED
482,1786473659976442300,2026-08-11T18:40:59.976460+00:00,BTC/USDT,kraken,binance,65329.60000000,71363.60000000,0.01,57.92779440,1.69856960,0.71363600,2.50,55.42779440,0.08462329,ARB-20260811184059976,1,14175,FILLED
481,1786473659961350400,2026-08-11T18:40:59.961368+00:00,BTC/USDT,kraken,binance,65329.60000000,71363.60000000,0.01,57.92779440,1.69856960,0.71363600,2.50,55.42779440,0.08462329,ARB-20260811184059961,1,13795,FILLED
480,1786473659946283800,2026-08-11T18:40:59.946301+00:00,BTC/USDT,kraken,binance,65329.60000000,71363.60000000,0.01,57.92779440,1.69856960,0.71363600,2.50,55.42779440,0.08462329,ARB-20260811184059946,1,13850,FILLED
479,1786473659940196000,2026-08-11T18:40:59.940215+00:00,BTC/USDT,kraken,binance,65329.60000000,71363.60000000,0.01,57.92779440,1.69856960,0.71363600,2.50,55.42779440,0.08462329,ARB-20260811184059940,1,4698,FILLED
478,1786473659897128000,2026-08-11T18:40:59.897146+00:00,BTC/USDT,kraken,binance,65395.63000000,71175.63000000,0.01,55.38795732,1.70028638,0.71175630,2.50,52.88795732,0.08066411,ARB-20260811184059897,1,1290,FILLED
477,1786473659534606000,2026-08-11T18:40:59.534635+00:00,BTC/USDT,kraken,binance,65395.63000000,71175.63000000,0.01,55.38795732,1.70028638,0.71175630,2.50,52.88795732,0.08066411,ARB-20260811184059534,1,14512,FILLED
476,1786473659519061100,2026-08-11T18:40:59.519078+00:00,BTC/USDT,kraken,binance,65395.63000000,71175.63000000,0.01,55.38795732,1.70028638,0.71175630,2.50,52.88795732,0.08066411,ARB-20260811184059519,1,14447,FILLED
475,1786473659504218800,2026-08-11T18:40:59.504237+00:00,BTC/USDT,kraken,binance,65395.63000000,71175.63000000,0.01,55.38795732,1.70028638,0.71175630,2.50,52.88795732,0.08066411,ARB-20260811184059504,1,13657,FILLED
474,1786473659487898700,2026-08-11T18:40:59.487916+00:00,BTC/USDT,kraken,binance,65505.85000000,70972.24000000,0.01,52.25102550,1.70315210,0.70972240,2.50,49.75102550,0.07575203,ARB-20260811184059487,1,15209,FILLED
473,1786473659472637300,2026-08-11T18:40:59.472655+00:00,BTC/USDT,kraken,binance,65505.85000000,70972.24000000,0.01,52.25102550,1.70315210,0.70972240,2.50,49.75102550,0.07575203,ARB-20260811184059472,1,14090,FILLED
472,1786473659457598100,2026-08-11T18:40:59.457702+00:00,BTC/USDT,kraken,binance,65505.85000000,70972.24000000,0.01,52.25102550,1.70315210,0.70972240,2.50,49.75102550,0.07575203,ARB-20260811184059457,1,13640,FILLED
471,1786473659441667200,2026-08-11T18:40:59.441690+00:00,BTC/USDT,kraken,binance,65505.85000000,70972.24000000,0.01,52.25102550,1.70315210,0.70972240,2.50,49.75102550,0.07575203,ARB-20260811184059441,1,14019,FILLED
470,1786473659426791700,2026-08-11T18:40:59.426810+00:00,BTC/USDT,kraken,binance,65505.85000000,70972.24000000,0.01,52.25102550,1.70315210,0.70972240,2.50,49.75102550,0.07575203,ARB-20260811184059426,1,13303,FILLED
469,1786473659411299300,2026-08-11T18:40:59.411317+00:00,BTC/USDT,kraken,binance,65505.85000000,70972.24000000,0.01,52.25102550,1.70315210,0.70972240,2.50,49.75102550,0.07575203,ARB-20260811184059411,1,13709,FILLED
468,1786473659395868600,2026-08-11T18:40:59.395885+00:00,BTC/USDT,kraken,binance,65505.85000000,70972.24000000,0.01,52.25102550,1.70315210,0.70972240,2.50,49.75102550,0.07575203,ARB-20260811184059395,1,13914,FILLED
467,1786473659379022900,2026-08-11T18:40:59.379043+00:00,BTC/USDT,kraken,binance,65443.26000000,70613.69000000,0.01,49.29663834,1.70152476,0.70613690,2.50,46.79663834,0.07132176,ARB-20260811184059379,1,15769,FILLED
466,1786473659363126500,2026-08-11T18:40:59.363144+00:00,BTC/USDT,kraken,binance,65443.26000000,70613.69000000,0.01,49.29663834,1.70152476,0.70613690,2.50,46.79663834,0.07132176,ARB-20260811184059363,1,14832,FILLED
465,1786473659348021400,2026-08-11T18:40:59.348041+00:00,BTC/USDT,kraken,binance,65443.26000000,70613.69000000,0.01,49.29663834,1.70152476,0.70613690,2.50,46.79663834,0.07132176,ARB-20260811184059348,1,13892,FILLED
464,1786473659331822000,2026-08-11T18:40:59.331839+00:00,BTC/USDT,kraken,binance,65443.26000000,70613.69000000,0.01,49.29663834,1.70152476,0.70613690,2.50,46.79663834,0.07132176,ARB-20260811184059331,1,14993,FILLED
463,1786473659316721900,2026-08-11T18:40:59.316741+00:00,BTC/USDT,kraken,binance,65443.26000000,70613.69000000,0.01,49.29663834,1.70152476,0.70613690,2.50,46.79663834,0.07132176,ARB-20260811184059316,1,14037,FILLED
462,1786473659301352100,2026-08-11T18:40:59.301369+00:00,BTC/USDT,kraken,binance,65443.26000000,70613.69000000,0.01,49.29663834,1.70152476,0.70613690,2.50,46.79663834,0.07132176,ARB-20260811184059301,1,14153,FILLED
461,1786473659286948100,2026-08-11T18:40:59.286965+00:00,BTC/USDT,kraken,binance,65443.26000000,70613.69000000,0.01,49.29663834,1.70152476,0.70613690,2.50,46.79663834,0.07132176,ARB-20260811184059286,1,13252,FILLED
460,1786473659270303500,2026-08-11T18:40:59.270323+00:00,BTC/USDT,kraken,binance,65430.26000000,70547.19000000,0.01,48.76264134,1.70118676,0.70547190,2.50,46.26264134,0.07052191,ARB-20260811184059270,1,15511,FILLED
459,1786473659254968800,2026-08-11T18:40:59.254986+00:00,BTC/USDT,kraken,binance,65430.26000000,70547.19000000,0.01,48.76264134,1.70118676,0.70547190,2.50,46.26264134,0.07052191,ARB-20260811184059254,1,14135,FILLED
458,1786473659240013700,2026-08-11T18:40:59.240034+00:00,BTC/USDT,kraken,binance,65430.26000000,70547.19000000,0.01,48.76264134,1.70118676,0.70547190,2.50,46.26264134,0.07052191,ARB-20260811184059239,1,13623,FILLED
457,1786473659224852100,2026-08-11T18:40:59.224870+00:00,BTC/USDT,kraken,binance,65430.26000000,70547.19000000,0.01,48.76264134,1.70118676,0.70547190,2.50,46.26264134,0.07052191,ARB-20260811184059224,1,13807,FILLED
456,1786473659209476100,2026-08-11T18:40:59.209494+00:00,BTC/USDT,kraken,binance,65430.26000000,70547.19000000,0.01,48.76264134,1.70118676,0.70547190,2.50,46.26264134,0.07052191,ARB-20260811184059209,1,14125,FILLED
455,1786473659194173400,2026-08-11T18:40:59.194191+00:00,BTC/USDT,kraken,binance,65430.26000000,70547.19000000,0.01,48.76264134,1.70118676,0.70547190,2.50,46.26264134,0.07052191,ARB-20260811184059194,1,14171,FILLED
454,1786473659179049300,2026-08-11T18:40:59.179067+00:00,BTC/USDT,kraken,binance,65430.26000000,70547.19000000,0.01,48.76264134,1.70118676,0.70547190,2.50,46.26264134,0.07052191,ARB-20260811184059179,1,13743,FILLED
453,1786473659162757700,2026-08-11T18:40:59.162775+00:00,BTC/USDT,kraken,binance,65492.94000000,70452.35000000,0.01,47.18676006,1.70281644,0.70452350,2.50,44.68676006,0.06805447,ARB-20260811184059162,1,15108,FILLED
452,1786473659147189900,2026-08-11T18:40:59.147208+00:00,BTC/USDT,kraken,binance,65492.94000000,70452.35000000,0.01,47.18676006,1.70281644,0.70452350,2.50,44.68676006,0.06805447,ARB-20260811184059147,1,14320,FILLED
451,1786473659132318400,2026-08-11T18:40:59.132336+00:00,BTC/USDT,kraken,binance,65492.94000000,70452.35000000,0.01,47.18676006,1.70281644,0.70452350,2.50,44.68676006,0.06805447,ARB-20260811184059132,1,13685,FILLED
450,1786473659117115700,2026-08-11T18:40:59.117134+00:00,BTC/USDT,kraken,binance,65492.94000000,70452.35000000,0.01,47.18676006,1.70281644,0.70452350,2.50,44.68676006,0.06805447,ARB-20260811184059117,1,14052,FILLED
449,1786473659101341600,2026-08-11T18:40:59.101367+00:00,BTC/USDT,kraken,binance,65492.94000000,70452.35000000,0.01,47.18676006,1.70281644,0.70452350,2.50,44.68676006,0.06805447,ARB-20260811184059101,1,14561,FILLED
448,1786473659086541900,2026-08-11T18:40:59.086561+00:00,BTC/USDT,kraken,binance,65492.94000000,70452.35000000,0.01,47.18676006,1.70281644,0.70452350,2.50,44.68676006,0.06805447,ARB-20260811184059086,1,13413,FILLED
447,1786473659071010200,2026-08-11T18:40:59.071028+00:00,BTC/USDT,kraken,binance,65492.94000000,70452.35000000,0.01,47.18676006,1.70281644,0.70452350,2.50,44.68676006,0.06805447,ARB-20260811184059070,1,13847,FILLED
446,1786473659054699400,2026-08-11T18:40:59.054719+00:00,BTC/USDT,kraken,binance,65619.47000000,70084.73000000,0.01,42.24564648,1.70610622,0.70084730,2.50,39.74564648,0.06041283,ARB-20260811184059054,1,15069,FILLED
445,1786473659040371600,2026-08-11T18:40:59.040389+00:00,BTC/USDT,kraken,binance,65619.47000000,70084.73000000,0.01,42.24564648,1.70610622,0.70084730,2.50,39.74564648,0.06041283,ARB-20260811184059040,1,13159,FILLED
444,1786473659023687300,2026-08-11T18:40:59.023704+00:00,BTC/USDT,kraken,binance,65619.47000000,70084.73000000,0.01,42.24564648,1.70610622,0.70084730,2.50,39.74564648,0.06041283,ARB-20260811184059023,1,15532,FILLED
443,1786473659007983600,2026-08-11T18:40:59.008003+00:00,BTC/USDT,kraken,binance,65619.47000000,70084.73000000,0.01,42.24564648,1.70610622,0.70084730,2.50,39.74564648,0.06041283,ARB-20260811184059007,1,14554,FILLED
442,1786473658992299400,2026-08-11T18:40:58.992320+00:00,BTC/USDT,kraken,binance,65619.47000000,70084.73000000,0.01,42.24564648,1.70610622,0.70084730,2.50,39.74564648,0.06041283,ARB-20260811184058992,1,14518,FILLED
441,1786473658976667100,2026-08-11T18:40:58.976684+00:00,BTC/USDT,kraken,binance,65619.47000000,70084.73000000,0.01,42.24564648,1.70610622,0.70084730,2.50,39.74564648,0.06041283,ARB-20260811184058976,1,14410,FILLED
440,1786473658962226300,2026-08-11T18:40:58.962243+00:00,BTC/USDT,kraken,binance,65619.47000000,70084.73000000,0.01,42.24564648,1.70610622,0.70084730,2.50,39.74564648,0.06041283,ARB-20260811184058962,1,13245,FILLED
439,1786473658945832100,2026-08-11T18:40:58.945850+00:00,BTC/USDT,kraken,binance,65587.30000000,69974.13000000,0.01,41.46328890,1.70526980,0.69974130,2.50,38.96328890,0.05925270,ARB-20260811184058945,1,15078,FILLED
438,1786473658930221500,2026-08-11T18:40:58.930239+00:00,BTC/USDT,kraken,binance,65587.30000000,69974.13000000,0.01,41.46328890,1.70526980,0.69974130,2.50,38.96328890,0.05925270,ARB-20260811184058930,1,14435,FILLED
437,1786473658915044500,2026-08-11T18:40:58.915061+00:00,BTC/USDT,kraken,binance,65587.30000000,69974.13000000,0.01,41.46328890,1.70526980,0.69974130,2.50,38.96328890,0.05925270,ARB-20260811184058915,1,14033,FILLED
436,1786473658899326800,2026-08-11T18:40:58.899344+00:00,BTC/USDT,kraken,binance,65587.30000000,69974.13000000,0.01,41.46328890,1.70526980,0.69974130,2.50,38.96328890,0.05925270,ARB-20260811184058899,1,14571,FILLED
435,1786473658883699400,2026-08-11T18:40:58.883716+00:00,BTC/USDT,kraken,binance,65587.30000000,69974.13000000,0.01,41.46328890,1.70526980,0.69974130,2.50,38.96328890,0.05925270,ARB-20260811184058883,1,14458,FILLED
434,1786473658868220000,2026-08-11T18:40:58.868238+00:00,BTC/USDT,kraken,binance,65587.30000000,69974.13000000,0.01,41.46328890,1.70526980,0.69974130,2.50,38.96328890,0.05925270,ARB-20260811184058868,1,14342,FILLED
433,1786473658853109400,2026-08-11T18:40:58.853128+00:00,BTC/USDT,kraken,binance,65587.30000000,69974.13000000,0.01,41.46328890,1.70526980,0.69974130,2.50,38.96328890,0.05925270,ARB-20260811184058853,1,13818,FILLED
432,1786473658836638400,2026-08-11T18:40:58.836656+00:00,BTC/USDT,kraken,binance,65882.40000000,69562.96000000,0.01,34.39702800,1.71294240,0.69562960,2.50,31.89702800,0.04828954,ARB-20260811184058836,1,15322,FILLED
431,1786473658821288000,2026-08-11T18:40:58.821305+00:00,BTC/USDT,kraken,binance,65882.40000000,69562.96000000,0.01,34.39702800,1.71294240,0.69562960,2.50,31.89702800,0.04828954,ARB-20260811184058821,1,14326,FILLED
430,1786473658805817700,2026-08-11T18:40:58.805835+00:00,BTC/USDT,kraken,binance,65882.40000000,69562.96000000,0.01,34.39702800,1.71294240,0.69562960,2.50,31.89702800,0.04828954,ARB-20260811184058805,1,14427,FILLED
429,1786473658790474300,2026-08-11T18:40:58.790491+00:00,BTC/USDT,kraken,binance,65882.40000000,69562.96000000,0.01,34.39702800,1.71294240,0.69562960,2.50,31.89702800,0.04828954,ARB-20260811184058790,1,14212,FILLED
428,1786473658774492200,2026-08-11T18:40:58.774509+00:00,BTC/USDT,kraken,binance,65882.40000000,69562.96000000,0.01,34.39702800,1.71294240,0.69562960,2.50,31.89702800,0.04828954,ARB-20260811184058774,1,14718,FILLED
427,1786473658759547000,2026-08-11T18:40:58.759566+00:00,BTC/USDT,kraken,binance,65882.40000000,69562.96000000,0.01,34.39702800,1.71294240,0.69562960,2.50,31.89702800,0.04828954,ARB-20260811184058759,1,13745,FILLED
426,1786473658744121000,2026-08-11T18:40:58.744137+00:00,BTC/USDT,kraken,binance,65882.40000000,69562.96000000,0.01,34.39702800,1.71294240,0.69562960,2.50,31.89702800,0.04828954,ARB-20260811184058744,1,14183,FILLED
425,1786473658728570300,2026-08-11T18:40:58.728601+00:00,BTC/USDT,kraken,binance,66104.67000000,69239.05000000,0.01,28.93268808,1.71872142,0.69239050,2.50,26.43268808,0.03988242,ARB-20260811184058728,1,14283,FILLED
424,1786473658712383300,2026-08-11T18:40:58.712401+00:00,BTC/USDT,kraken,binance,66104.67000000,69239.05000000,0.01,28.93268808,1.71872142,0.69239050,2.50,26.43268808,0.03988242,ARB-20260811184058712,1,14697,FILLED
423,1786473658696745300,2026-08-11T18:40:58.696763+00:00,BTC/USDT,kraken,binance,66104.67000000,69239.05000000,0.01,28.93268808,1.71872142,0.69239050,2.50,26.43268808,0.03988242,ARB-20260811184058696,1,14533,FILLED
422,1786473658680543100,2026-08-11T18:40:58.680561+00:00,BTC/USDT,kraken,binance,66104.67000000,69239.05000000,0.01,28.93268808,1.71872142,0.69239050,2.50,26.43268808,0.03988242,ARB-20260811184058680,1,14940,FILLED
421,1786473658664881500,2026-08-11T18:40:58.664898+00:00,BTC/USDT,kraken,binance,66104.67000000,69239.05000000,0.01,28.93268808,1.71872142,0.69239050,2.50,26.43268808,0.03988242,ARB-20260811184058664,1,14500,FILLED
420,1786473658649025600,2026-08-11T18:40:58.649043+00:00,BTC/USDT,kraken,binance,66104.67000000,69239.05000000,0.01,28.93268808,1.71872142,0.69239050,2.50,26.43268808,0.03988242,ARB-20260811184058649,1,14822,FILLED
419,1786473658634317300,2026-08-11T18:40:58.634335+00:00,BTC/USDT,kraken,binance,66104.67000000,69239.05000000,0.01,28.93268808,1.71872142,0.69239050,2.50,26.43268808,0.03988242,ARB-20260811184058634,1,13598,FILLED
418,1786473658618492600,2026-08-11T18:40:58.618514+00:00,BTC/USDT,kraken,binance,66072.16000000,69048.75000000,0.01,27.35753634,1.71787616,0.69048750,2.50,24.85753634,0.03752424,ARB-20260811184058618,1,14615,FILLED
417,1786473658602702300,2026-08-11T18:40:58.602721+00:00,BTC/USDT,kraken,binance,66072.16000000,69048.75000000,0.01,27.35753634,1.71787616,0.69048750,2.50,24.85753634,0.03752424,ARB-20260811184058602,1,14614,FILLED
416,1786473658586450800,2026-08-11T18:40:58.586468+00:00,BTC/USDT,kraken,binance,66072.16000000,69048.75000000,0.01,27.35753634,1.71787616,0.69048750,2.50,24.85753634,0.03752424,ARB-20260811184058586,1,15027,FILLED
415,1786473658583516500,2026-08-11T18:40:58.583542+00:00,BTC/USDT,kraken,binance,66072.16000000,69048.75000000,0.01,27.35753634,1.71787616,0.69048750,2.50,24.85753634,0.03752424,ARB-20260811184058583,1,1905,FILLED
414,1786473658568185900,2026-08-11T18:40:58.568203+00:00,BTC/USDT,kraken,binance,66072.16000000,69048.75000000,0.01,27.35753634,1.71787616,0.69048750,2.50,24.85753634,0.03752424,ARB-20260811184058568,1,14075,FILLED
413,1786473658552327800,2026-08-11T18:40:58.552345+00:00,BTC/USDT,kraken,binance,66072.16000000,69048.75000000,0.01,27.35753634,1.71787616,0.69048750,2.50,24.85753634,0.03752424,ARB-20260811184058552,1,14532,FILLED
412,1786473658536190600,2026-08-11T18:40:58.536207+00:00,BTC/USDT,kraken,binance,66072.16000000,69048.75000000,0.01,27.35753634,1.71787616,0.69048750,2.50,24.85753634,0.03752424,ARB-20260811184058536,1,14894,FILLED
411,1786473658521148800,2026-08-11T18:40:58.521166+00:00,BTC/USDT,kraken,binance,66072.16000000,69048.75000000,0.01,27.35753634,1.71787616,0.69048750,2.50,24.85753634,0.03752424,ARB-20260811184058521,1,13855,FILLED
410,1786473658504836200,2026-08-11T18:40:58.504853+00:00,BTC/USDT,kraken,binance,66050.70000000,68644.14000000,0.01,23.53064040,1.71731820,0.68644140,2.50,21.03064040,0.03175758,ARB-20260811184058504,1,15139,FILLED
409,1786473658489108300,2026-08-11T18:40:58.489126+00:00,BTC/USDT,kraken,binance,66050.70000000,68644.14000000,0.01,23.53064040,1.71731820,0.68644140,2.50,21.03064040,0.03175758,ARB-20260811184058489,1,14648,FILLED
408,1786473658473611100,2026-08-11T18:40:58.473629+00:00,BTC/USDT,kraken,binance,66050.70000000,68644.14000000,0.01,23.53064040,1.71731820,0.68644140,2.50,21.03064040,0.03175758,ARB-20260811184058473,1,14341,FILLED
407,1786473658457465400,2026-08-11T18:40:58.457485+00:00,BTC/USDT,kraken,binance,66050.70000000,68644.14000000,0.01,23.53064040,1.71731820,0.68644140,2.50,21.03064040,0.03175758,ARB-20260811184058457,1,14896,FILLED
406,1786473658442938700,2026-08-11T18:40:58.442956+00:00,BTC/USDT,kraken,binance,66050.70000000,68644.14000000,0.01,23.53064040,1.71731820,0.68644140,2.50,21.03064040,0.03175758,ARB-20260811184058442,1,13332,FILLED
405,1786473658426667400,2026-08-11T18:40:58.426684+00:00,BTC/USDT,kraken,binance,66050.70000000,68644.14000000,0.01,23.53064040,1.71731820,0.68644140,2.50,21.03064040,0.03175758,ARB-20260811184058426,1,14483,FILLED
404,1786473658412393400,2026-08-11T18:40:58.412411+00:00,BTC/USDT,kraken,binance,66050.70000000,68644.14000000,0.01,23.53064040,1.71731820,0.68644140,2.50,21.03064040,0.03175758,ARB-20260811184058412,1,13208,FILLED
403,1786473658396509600,2026-08-11T18:40:58.396527+00:00,BTC/USDT,kraken,binance,66097.63000000,68105.46000000,0.01,17.67870702,1.71853838,0.68105460,2.50,15.17870702,0.02290452,ARB-20260811184058396,1,14592,FILLED
402,1786473658380403700,2026-08-11T18:40:58.380422+00:00,BTC/USDT,kraken,binance,66097.63000000,68105.46000000,0.01,17.67870702,1.71853838,0.68105460,2.50,15.17870702,0.02290452,ARB-20260811184058380,1,14901,FILLED
401,1786473658364890900,2026-08-11T18:40:58.364908+00:00,BTC/USDT,kraken,binance,66097.63000000,68105.46000000,0.01,17.67870702,1.71853838,0.68105460,2.50,15.17870702,0.02290452,ARB-20260811184058364,1,14273,FILLED
400,1786473658349007900,2026-08-11T18:40:58.349025+00:00,BTC/USDT,kraken,binance,66097.63000000,68105.46000000,0.01,17.67870702,1.71853838,0.68105460,2.50,15.17870702,0.02290452,ARB-20260811184058348,1,14768,FILLED
399,1786473658333596000,2026-08-11T18:40:58.333613+00:00,BTC/USDT,kraken,binance,66097.63000000,68105.46000000,0.01,17.67870702,1.71853838,0.68105460,2.50,15.17870702,0.02290452,ARB-20260811184058333,1,14275,FILLED
398,1786473658318297700,2026-08-11T18:40:58.318318+00:00,BTC/USDT,kraken,binance,66097.63000000,68105.46000000,0.01,17.67870702,1.71853838,0.68105460,2.50,15.17870702,0.02290452,ARB-20260811184058318,1,14047,FILLED
397,1786473658303290200,2026-08-11T18:40:58.303307+00:00,BTC/USDT,kraken,binance,66097.63000000,68105.46000000,0.01,17.67870702,1.71853838,0.68105460,2.50,15.17870702,0.02290452,ARB-20260811184058303,1,13865,FILLED
396,1786473658287399200,2026-08-11T18:40:58.287417+00:00,BTC/USDT,kraken,binance,66124.36000000,67606.00000000,0.01,12.42110664,1.71923336,0.67606000,2.50,9.92110664,0.01496480,ARB-20260811184058287,1,14663,FILLED
395,1786473658271767900,2026-08-11T18:40:58.271785+00:00,BTC/USDT,kraken,binance,66124.36000000,67606.00000000,0.01,12.42110664,1.71923336,0.67606000,2.50,9.92110664,0.01496480,ARB-20260811184058271,1,14443,FILLED
394,1786473658256565100,2026-08-11T18:40:58.256582+00:00,BTC/USDT,kraken,binance,66124.36000000,67606.00000000,0.01,12.42110664,1.71923336,0.67606000,2.50,9.92110664,0.01496480,ARB-20260811184058256,1,13935,FILLED
393,1786473658241609200,2026-08-11T18:40:58.241635+00:00,BTC/USDT,kraken,binance,66124.36000000,67606.00000000,0.01,12.42110664,1.71923336,0.67606000,2.50,9.92110664,0.01496480,ARB-20260811184058241,1,13771,FILLED
392,1786473658225841700,2026-08-11T18:40:58.225860+00:00,BTC/USDT,kraken,binance,66124.36000000,67606.00000000,0.01,12.42110664,1.71923336,0.67606000,2.50,9.92110664,0.01496480,ARB-20260811184058225,1,14473,FILLED
391,1786473658210082400,2026-08-11T18:40:58.210103+00:00,BTC/USDT,kraken,binance,66124.36000000,67606.00000000,0.01,12.42110664,1.71923336,0.67606000,2.50,9.92110664,0.01496480,ARB-20260811184058210,1,14583,FILLED
390,1786473658195121300,2026-08-11T18:40:58.195138+00:00,BTC/USDT,kraken,binance,66124.36000000,67606.00000000,0.01,12.42110664,1.71923336,0.67606000,2.50,9.92110664,0.01496480,ARB-20260811184058195,1,13779,FILLED
389,1786473658179237200,2026-08-11T18:40:58.179255+00:00,BTC/USDT,kraken,binance,66017.22000000,67108.82000000,0.01,8.52846408,1.71644772,0.67108820,2.50,6.02846408,0.00910797,ARB-20260811184058179,1,14815,FILLED
388,1786473658163410300,2026-08-11T18:40:58.163428+00:00,BTC/USDT,kraken,binance,66017.22000000,67108.82000000,0.01,8.52846408,1.71644772,0.67108820,2.50,6.02846408,0.00910797,ARB-20260811184058163,1,14706,FILLED
387,1786473658148287100,2026-08-11T18:40:58.148305+00:00,BTC/USDT,kraken,binance,66017.22000000,67108.82000000,0.01,8.52846408,1.71644772,0.67108820,2.50,6.02846408,0.00910797,ARB-20260811184058148,1,14046,FILLED
386,1786473658132367200,2026-08-11T18:40:58.132384+00:00,BTC/USDT,kraken,binance,66017.22000000,67108.82000000,0.01,8.52846408,1.71644772,0.67108820,2.50,6.02846408,0.00910797,ARB-20260811184058132,1,14854,FILLED
385,1786473658116365200,2026-08-11T18:40:58.116383+00:00,BTC/USDT,kraken,binance,66017.22000000,67108.82000000,0.01,8.52846408,1.71644772,0.67108820,2.50,6.02846408,0.00910797,ARB-20260811184058116,1,14851,FILLED
384,1786473658110665800,2026-08-11T18:40:58.110682+00:00,BTC/USDT,kraken,binance,66017.22000000,67108.82000000,0.01,8.52846408,1.71644772,0.67108820,2.50,6.02846408,0.00910797,ARB-20260811184058110,1,4683,FILLED
383,1786473658109091700,2026-08-11T18:40:58.109108+00:00,BTC/USDT,kraken,binance,66017.22000000,67108.82000000,0.01,8.52846408,1.71644772,0.67108820,2.50,6.02846408,0.00910797,ARB-20260811184058109,1,649,FILLED
382,1786473658107670100,2026-08-11T18:40:58.107686+00:00,BTC/USDT,kraken,binance,66017.22000000,67108.82000000,0.01,8.52846408,1.71644772,0.67108820,2.50,6.02846408,0.00910797,ARB-20260811184058107,1,545,FILLED
381,1786473658106259700,2026-08-11T18:40:58.106275+00:00,BTC/USDT,kraken,binance,66017.22000000,67108.82000000,0.01,8.52846408,1.71644772,0.67108820,2.50,6.02846408,0.00910797,ARB-20260811184058106,1,522,FILLED
380,1786473658104877600,2026-08-11T18:40:58.104893+00:00,BTC/USDT,kraken,binance,66017.22000000,67108.82000000,0.01,8.52846408,1.71644772,0.67108820,2.50,6.02846408,0.00910797,ARB-20260811184058104,1,545,FILLED
379,1786473658103434600,2026-08-11T18:40:58.103450+00:00,BTC/USDT,kraken,binance,66017.22000000,67108.82000000,0.01,8.52846408,1.71644772,0.67108820,2.50,6.02846408,0.00910797,ARB-20260811184058103,1,564,FILLED
378,1786473658102077700,2026-08-11T18:40:58.102093+00:00,BTC/USDT,kraken,binance,66017.22000000,67108.82000000,0.01,8.52846408,1.71644772,0.67108820,2.50,6.02846408,0.00910797,ARB-20260811184058102,1,530,FILLED
377,1786473658100669400,2026-08-11T18:40:58.100685+00:00,BTC/USDT,kraken,binance,66017.22000000,67108.82000000,0.01,8.52846408,1.71644772,0.67108820,2.50,6.02846408,0.00910797,ARB-20260811184058100,1,541,FILLED
376,1786473658099118300,2026-08-11T18:40:58.099134+00:00,BTC/USDT,kraken,binance,66017.22000000,67108.82000000,0.01,8.52846408,1.71644772,0.67108820,2.50,6.02846408,0.00910797,ARB-20260811184058099,1,543,FILLED
375,1786473658097647000,2026-08-11T18:40:58.097664+00:00,BTC/USDT,kraken,binance,66017.22000000,67108.82000000,0.01,8.52846408,1.71644772,0.67108820,2.50,6.02846408,0.00910797,ARB-20260811184058097,1,569,FILLED
374,1786473658096234000,2026-08-11T18:40:58.096250+00:00,BTC/USDT,kraken,binance,66017.22000000,67108.82000000,0.01,8.52846408,1.71644772,0.67108820,2.50,6.02846408,0.00910797,ARB-20260811184058096,1,519,FILLED
373,1786473658094788300,2026-08-11T18:40:58.094805+00:00,BTC/USDT,kraken,binance,66017.22000000,67108.82000000,0.01,8.52846408,1.71644772,0.67108820,2.50,6.02846408,0.00910797,ARB-20260811184058094,1,544,FILLED
372,1786473658092971400,2026-08-11T18:40:58.092989+00:00,BTC/USDT,kraken,binance,66017.22000000,67108.82000000,0.01,8.52846408,1.71644772,0.67108820,2.50,6.02846408,0.00910797,ARB-20260811184058092,1,684,FILLED
371,1786473657649147700,2026-08-11T18:40:57.649166+00:00,BTC/USDT,binance,kraken,64980.56000000,66162.40000000,0.01,9.44837200,0.64980560,1.72022240,2.50,6.94837200,0.01068232,ARB-20260811184057649,1,15205,FILLED
370,1786473657633847400,2026-08-11T18:40:57.633865+00:00,BTC/USDT,binance,kraken,64980.56000000,66162.40000000,0.01,9.44837200,0.64980560,1.72022240,2.50,6.94837200,0.01068232,ARB-20260811184057633,1,14079,FILLED
369,1786473657618149700,2026-08-11T18:40:57.618167+00:00,BTC/USDT,binance,kraken,64980.56000000,66162.40000000,0.01,9.44837200,0.64980560,1.72022240,2.50,6.94837200,0.01068232,ARB-20260811184057618,1,14587,FILLED
368,1786473657602594400,2026-08-11T18:40:57.602612+00:00,BTC/USDT,binance,kraken,64980.56000000,66162.40000000,0.01,9.44837200,0.64980560,1.72022240,2.50,6.94837200,0.01068232,ARB-20260811184057602,1,14375,FILLED
367,1786473657586595000,2026-08-11T18:40:57.586612+00:00,BTC/USDT,binance,kraken,64980.56000000,66162.40000000,0.01,9.44837200,0.64980560,1.72022240,2.50,6.94837200,0.01068232,ARB-20260811184057586,1,14820,FILLED
366,1786473657571354100,2026-08-11T18:40:57.571371+00:00,BTC/USDT,binance,kraken,64980.56000000,66162.40000000,0.01,9.44837200,0.64980560,1.72022240,2.50,6.94837200,0.01068232,ARB-20260811184057571,1,14154,FILLED
365,1786473657556369900,2026-08-11T18:40:57.556387+00:00,BTC/USDT,binance,kraken,64980.56000000,66162.40000000,0.01,9.44837200,0.64980560,1.72022240,2.50,6.94837200,0.01068232,ARB-20260811184057556,1,13837,FILLED
364,1786473657540683000,2026-08-11T18:40:57.540701+00:00,BTC/USDT,binance,kraken,64338.32000000,66184.05000000,0.01,16.09313150,0.64338320,1.72078530,2.50,13.59313150,0.02110648,ARB-20260811184057540,1,14574,FILLED
363,1786473657524792500,2026-08-11T18:40:57.524810+00:00,BTC/USDT,binance,kraken,64338.32000000,66184.05000000,0.01,16.09313150,0.64338320,1.72078530,2.50,13.59313150,0.02110648,ARB-20260811184057524,1,14711,FILLED
362,1786473657509021000,2026-08-11T18:40:57.509040+00:00,BTC/USDT,binance,kraken,64338.32000000,66184.05000000,0.01,16.09313150,0.64338320,1.72078530,2.50,13.59313150,0.02110648,ARB-20260811184057509,1,14624,FILLED
361,1786473657501881100,2026-08-11T18:40:57.501899+00:00,BTC/USDT,binance,kraken,64338.32000000,66184.05000000,0.01,16.09313150,0.64338320,1.72078530,2.50,13.59313150,0.02110648,ARB-20260811184057501,1,6050,FILLED
360,1786473657485909300,2026-08-11T18:40:57.485927+00:00,BTC/USDT,binance,kraken,64338.32000000,66184.05000000,0.01,16.09313150,0.64338320,1.72078530,2.50,13.59313150,0.02110648,ARB-20260811184057485,1,14838,FILLED
359,1786473657470265000,2026-08-11T18:40:57.470283+00:00,BTC/USDT,binance,kraken,64338.32000000,66184.05000000,0.01,16.09313150,0.64338320,1.72078530,2.50,13.59313150,0.02110648,ARB-20260811184057470,1,14514,FILLED
358,1786473657455305100,2026-08-11T18:40:57.455323+00:00,BTC/USDT,binance,kraken,64338.32000000,66184.05000000,0.01,16.09313150,0.64338320,1.72078530,2.50,13.59313150,0.02110648,ARB-20260811184057455,1,13670,FILLED
357,1786473657439383100,2026-08-11T18:40:57.439401+00:00,BTC/USDT,binance,kraken,64428.88000000,66265.29000000,0.01,15.99691366,0.64428880,1.72289754,2.50,13.49691366,0.02092762,ARB-20260811184057439,1,14810,FILLED
356,1786473657423579800,2026-08-11T18:40:57.423596+00:00,BTC/USDT,binance,kraken,64428.88000000,66265.29000000,0.01,15.99691366,0.64428880,1.72289754,2.50,13.49691366,0.02092762,ARB-20260811184057423,1,14689,FILLED
355,1786473657408577200,2026-08-11T18:40:57.408595+00:00,BTC/USDT,binance,kraken,64428.88000000,66265.29000000,0.01,15.99691366,0.64428880,1.72289754,2.50,13.49691366,0.02092762,ARB-20260811184057408,1,13848,FILLED
354,1786473657392258400,2026-08-11T18:40:57.392278+00:00,BTC/USDT,binance,kraken,64428.88000000,66265.29000000,0.01,15.99691366,0.64428880,1.72289754,2.50,13.49691366,0.02092762,ARB-20260811184057392,1,15090,FILLED
353,1786473657377122400,2026-08-11T18:40:57.377143+00:00,BTC/USDT,binance,kraken,64428.88000000,66265.29000000,0.01,15.99691366,0.64428880,1.72289754,2.50,13.49691366,0.02092762,ARB-20260811184057377,1,13999,FILLED
352,1786473657361760000,2026-08-11T18:40:57.361778+00:00,BTC/USDT,binance,kraken,64428.88000000,66265.29000000,0.01,15.99691366,0.64428880,1.72289754,2.50,13.49691366,0.02092762,ARB-20260811184057361,1,14251,FILLED
351,1786473657347413200,2026-08-11T18:40:57.347447+00:00,BTC/USDT,binance,kraken,64428.88000000,66265.29000000,0.01,15.99691366,0.64428880,1.72289754,2.50,13.49691366,0.02092762,ARB-20260811184057347,1,13089,FILLED
350,1786473657331393700,2026-08-11T18:40:57.331411+00:00,BTC/USDT,binance,kraken,64751.95000000,66169.20000000,0.01,11.80458130,0.64751950,1.72039920,2.50,9.30458130,0.01435522,ARB-20260811184057331,1,14880,FILLED
349,1786473657315828900,2026-08-11T18:40:57.315846+00:00,BTC/USDT,binance,kraken,64751.95000000,66169.20000000,0.01,11.80458130,0.64751950,1.72039920,2.50,9.30458130,0.01435522,ARB-20260811184057315,1,14429,FILLED
348,1786473657300691200,2026-08-11T18:40:57.300724+00:00,BTC/USDT,binance,kraken,64751.95000000,66169.20000000,0.01,11.80458130,0.64751950,1.72039920,2.50,9.30458130,0.01435522,ARB-20260811184057300,1,13963,FILLED
347,1786473657284526500,2026-08-11T18:40:57.284544+00:00,BTC/USDT,binance,kraken,64751.95000000,66169.20000000,0.01,11.80458130,0.64751950,1.72039920,2.50,9.30458130,0.01435522,ARB-20260811184057284,1,15014,FILLED
346,1786473657269196400,2026-08-11T18:40:57.269214+00:00,BTC/USDT,binance,kraken,64751.95000000,66169.20000000,0.01,11.80458130,0.64751950,1.72039920,2.50,9.30458130,0.01435522,ARB-20260811184057269,1,14318,FILLED
345,1786473657253397500,2026-08-11T18:40:57.253415+00:00,BTC/USDT,binance,kraken,64751.95000000,66169.20000000,0.01,11.80458130,0.64751950,1.72039920,2.50,9.30458130,0.01435522,ARB-20260811184057253,1,14738,FILLED
344,1786473657238954400,2026-08-11T18:40:57.238974+00:00,BTC/USDT,binance,kraken,64751.95000000,66169.20000000,0.01,11.80458130,0.64751950,1.72039920,2.50,9.30458130,0.01435522,ARB-20260811184057238,1,13235,FILLED
343,1786473657222492900,2026-08-11T18:40:57.222511+00:00,BTC/USDT,binance,kraken,64879.24000000,66081.45000000,0.01,9.65518990,0.64879240,1.71811770,2.50,7.15518990,0.01101746,ARB-20260811184057222,1,15370,FILLED
342,1786473657206955300,2026-08-11T18:40:57.206990+00:00,BTC/USDT,binance,kraken,64879.24000000,66081.45000000,0.01,9.65518990,0.64879240,1.71811770,2.50,7.15518990,0.01101746,ARB-20260811184057206,1,14297,FILLED
341,1786473657191484000,2026-08-11T18:40:57.191502+00:00,BTC/USDT,binance,kraken,64879.24000000,66081.45000000,0.01,9.65518990,0.64879240,1.71811770,2.50,7.15518990,0.01101746,ARB-20260811184057191,1,14318,FILLED
340,1786473657175433400,2026-08-11T18:40:57.175451+00:00,BTC/USDT,binance,kraken,64879.24000000,66081.45000000,0.01,9.65518990,0.64879240,1.71811770,2.50,7.15518990,0.01101746,ARB-20260811184057175,1,14936,FILLED
339,1786473657159452500,2026-08-11T18:40:57.159472+00:00,BTC/USDT,binance,kraken,64879.24000000,66081.45000000,0.01,9.65518990,0.64879240,1.71811770,2.50,7.15518990,0.01101746,ARB-20260811184057159,1,14871,FILLED
338,1786473657143664500,2026-08-11T18:40:57.143687+00:00,BTC/USDT,binance,kraken,64879.24000000,66081.45000000,0.01,9.65518990,0.64879240,1.71811770,2.50,7.15518990,0.01101746,ARB-20260811184057143,1,14614,FILLED
337,1786473657128023600,2026-08-11T18:40:57.128047+00:00,BTC/USDT,binance,kraken,64879.24000000,66081.45000000,0.01,9.65518990,0.64879240,1.71811770,2.50,7.15518990,0.01101746,ARB-20260811184057127,1,14287,FILLED
336,1786473655928900300,2026-08-11T18:40:55.928919+00:00,BTC/USDT,kraken,binance,66027.21000000,67357.12000000,0.01,10.90882134,1.71670746,0.67357120,2.50,8.40882134,0.01270236,ARB-20260811184055928,1,14208,FILLED
335,1786473655913214700,2026-08-11T18:40:55.913232+00:00,BTC/USDT,kraken,binance,66027.21000000,67357.12000000,0.01,10.90882134,1.71670746,0.67357120,2.50,8.40882134,0.01270236,ARB-20260811184055913,1,14062,FILLED
334,1786473655898311500,2026-08-11T18:40:55.898331+00:00,BTC/USDT,kraken,binance,66027.21000000,67357.12000000,0.01,10.90882134,1.71670746,0.67357120,2.50,8.40882134,0.01270236,ARB-20260811184055898,1,13738,FILLED
333,1786473655883147000,2026-08-11T18:40:55.883165+00:00,BTC/USDT,kraken,binance,66027.21000000,67357.12000000,0.01,10.90882134,1.71670746,0.67357120,2.50,8.40882134,0.01270236,ARB-20260811184055883,1,13566,FILLED
332,1786473655867372400,2026-08-11T18:40:55.867392+00:00,BTC/USDT,kraken,binance,66027.21000000,67357.12000000,0.01,10.90882134,1.71670746,0.67357120,2.50,8.40882134,0.01270236,ARB-20260811184055867,1,14127,FILLED
331,1786473655852308500,2026-08-11T18:40:55.852328+00:00,BTC/USDT,kraken,binance,66027.21000000,67357.12000000,0.01,10.90882134,1.71670746,0.67357120,2.50,8.40882134,0.01270236,ARB-20260811184055852,1,13851,FILLED
330,1786473655837349800,2026-08-11T18:40:55.837368+00:00,BTC/USDT,kraken,binance,66027.21000000,67357.12000000,0.01,10.90882134,1.71670746,0.67357120,2.50,8.40882134,0.01270236,ARB-20260811184055837,1,13687,FILLED
329,1786473655821482300,2026-08-11T18:40:55.821500+00:00,BTC/USDT,kraken,binance,65827.02000000,67634.63000000,0.01,15.68825118,1.71150252,0.67634630,2.50,13.18825118,0.01998275,ARB-20260811184055821,1,14655,FILLED
328,1786473655806286000,2026-08-11T18:40:55.806303+00:00,BTC/USDT,kraken,binance,65827.02000000,67634.63000000,0.01,15.68825118,1.71150252,0.67634630,2.50,13.18825118,0.01998275,ARB-20260811184055806,1,13960,FILLED
327,1786473655790448100,2026-08-11T18:40:55.790466+00:00,BTC/USDT,kraken,binance,65827.02000000,67634.63000000,0.01,15.68825118,1.71150252,0.67634630,2.50,13.18825118,0.01998275,ARB-20260811184055790,1,14662,FILLED
326,1786473655774855000,2026-08-11T18:40:55.774873+00:00,BTC/USDT,kraken,binance,65827.02000000,67634.63000000,0.01,15.68825118,1.71150252,0.67634630,2.50,13.18825118,0.01998275,ARB-20260811184055774,1,14408,FILLED
325,1786473655759428700,2026-08-11T18:40:55.759445+00:00,BTC/USDT,kraken,binance,65827.02000000,67634.63000000,0.01,15.68825118,1.71150252,0.67634630,2.50,13.18825118,0.01998275,ARB-20260811184055759,1,14302,FILLED
324,1786473655743823100,2026-08-11T18:40:55.743840+00:00,BTC/USDT,kraken,binance,65827.02000000,67634.63000000,0.01,15.68825118,1.71150252,0.67634630,2.50,13.18825118,0.01998275,ARB-20260811184055743,1,14449,FILLED
323,1786473655728858900,2026-08-11T18:40:55.728876+00:00,BTC/USDT,kraken,binance,65827.02000000,67634.63000000,0.01,15.68825118,1.71150252,0.67634630,2.50,13.18825118,0.01998275,ARB-20260811184055728,1,13859,FILLED
322,1786473655715014800,2026-08-11T18:40:55.715034+00:00,BTC/USDT,kraken,binance,66065.35000000,67859.12000000,0.01,15.54140970,1.71769910,0.67859120,2.50,13.04140970,0.01968897,ARB-20260811184055714,1,12579,FILLED
321,1786473655230102400,2026-08-11T18:40:55.230120+00:00,BTC/USDT,kraken,binance,65898.24000000,68191.21000000,0.01,20.53443366,1.71335424,0.68191210,2.50,18.03443366,0.02729612,ARB-20260811184055230,1,1315,FILLED
320,1786473655214762200,2026-08-11T18:40:55.214781+00:00,BTC/USDT,kraken,binance,65898.24000000,68191.21000000,0.01,20.53443366,1.71335424,0.68191210,2.50,18.03443366,0.02729612,ARB-20260811184055214,1,14176,FILLED
319,1786473655199154100,2026-08-11T18:40:55.199174+00:00,BTC/USDT,kraken,binance,65982.17000000,68399.91000000,0.01,21.77786448,1.71553642,0.68399910,2.50,19.27786448,0.02914101,ARB-20260811184055199,1,14464,FILLED
318,1786473655183111500,2026-08-11T18:40:55.183130+00:00,BTC/USDT,kraken,binance,65982.17000000,68399.91000000,0.01,21.77786448,1.71553642,0.68399910,2.50,19.27786448,0.02914101,ARB-20260811184055183,1,14803,FILLED
317,1786473655167939800,2026-08-11T18:40:55.167958+00:00,BTC/USDT,kraken,binance,65982.17000000,68399.91000000,0.01,21.77786448,1.71553642,0.68399910,2.50,19.27786448,0.02914101,ARB-20260811184055167,1,13938,FILLED
316,1786473655152923300,2026-08-11T18:40:55.152943+00:00,BTC/USDT,kraken,binance,65982.17000000,68399.91000000,0.01,21.77786448,1.71553642,0.68399910,2.50,19.27786448,0.02914101,ARB-20260811184055152,1,13789,FILLED
315,1786473655137836700,2026-08-11T18:40:55.137856+00:00,BTC/USDT,kraken,binance,65982.17000000,68399.91000000,0.01,21.77786448,1.71553642,0.68399910,2.50,19.27786448,0.02914101,ARB-20260811184055137,1,13751,FILLED
314,1786473655121616700,2026-08-11T18:40:55.121635+00:00,BTC/USDT,kraken,binance,65982.17000000,68399.91000000,0.01,21.77786448,1.71553642,0.68399910,2.50,19.27786448,0.02914101,ARB-20260811184055121,1,14903,FILLED
313,1786473655106598300,2026-08-11T18:40:55.106616+00:00,BTC/USDT,kraken,binance,65982.17000000,68399.91000000,0.01,21.77786448,1.71553642,0.68399910,2.50,19.27786448,0.02914101,ARB-20260811184055106,1,13790,FILLED
312,1786473655089561600,2026-08-11T18:40:55.089579+00:00,BTC/USDT,kraken,binance,65942.66000000,68528.35000000,0.01,23.45710734,1.71450916,0.68528350,2.50,20.95710734,0.03169839,ARB-20260811184055089,1,15646,FILLED
311,1786473655073302800,2026-08-11T18:40:55.073320+00:00,BTC/USDT,kraken,binance,65942.66000000,68528.35000000,0.01,23.45710734,1.71450916,0.68528350,2.50,20.95710734,0.03169839,ARB-20260811184055073,1,15078,FILLED
310,1786473655059323800,2026-08-11T18:40:55.059347+00:00,BTC/USDT,kraken,binance,65942.66000000,68528.35000000,0.01,23.45710734,1.71450916,0.68528350,2.50,20.95710734,0.03169839,ARB-20260811184055059,1,12656,FILLED
309,1786473655042759200,2026-08-11T18:40:55.042780+00:00,BTC/USDT,kraken,binance,65942.66000000,68528.35000000,0.01,23.45710734,1.71450916,0.68528350,2.50,20.95710734,0.03169839,ARB-20260811184055042,1,14015,FILLED
308,1786473655027123900,2026-08-11T18:40:55.027143+00:00,BTC/USDT,kraken,binance,65942.66000000,68528.35000000,0.01,23.45710734,1.71450916,0.68528350,2.50,20.95710734,0.03169839,ARB-20260811184055027,1,12986,FILLED
307,1786473655011746700,2026-08-11T18:40:55.011767+00:00,BTC/USDT,kraken,binance,65942.66000000,68528.35000000,0.01,23.45710734,1.71450916,0.68528350,2.50,20.95710734,0.03169839,ARB-20260811184055011,1,13957,FILLED
306,1786473654996123500,2026-08-11T18:40:54.996142+00:00,BTC/USDT,kraken,binance,65942.66000000,68528.35000000,0.01,23.45710734,1.71450916,0.68528350,2.50,20.95710734,0.03169839,ARB-20260811184054996,1,14079,FILLED
305,1786473654979687200,2026-08-11T18:40:54.979708+00:00,BTC/USDT,kraken,binance,65739.23000000,68944.73000000,0.01,29.65633272,1.70921998,0.68944730,2.50,27.15633272,0.04120205,ARB-20260811184054979,1,15230,FILLED
304,1786473654964373200,2026-08-11T18:40:54.964390+00:00,BTC/USDT,kraken,binance,65739.23000000,68944.73000000,0.01,29.65633272,1.70921998,0.68944730,2.50,27.15633272,0.04120205,ARB-20260811184054964,1,13923,FILLED
303,1786473654949217500,2026-08-11T18:40:54.949235+00:00,BTC/USDT,kraken,binance,65739.23000000,68944.73000000,0.01,29.65633272,1.70921998,0.68944730,2.50,27.15633272,0.04120205,ARB-20260811184054949,1,14013,FILLED
302,1786473654933199400,2026-08-11T18:40:54.933217+00:00,BTC/USDT,kraken,binance,65739.23000000,68944.73000000,0.01,29.65633272,1.70921998,0.68944730,2.50,27.15633272,0.04120205,ARB-20260811184054933,1,14912,FILLED
301,1786473654917090800,2026-08-11T18:40:54.917109+00:00,BTC/USDT,kraken,binance,65739.23000000,68944.73000000,0.01,29.65633272,1.70921998,0.68944730,2.50,27.15633272,0.04120205,ARB-20260811184054917,1,14947,FILLED
300,1786473654901269100,2026-08-11T18:40:54.901287+00:00,BTC/USDT,kraken,binance,65739.23000000,68944.73000000,0.01,29.65633272,1.70921998,0.68944730,2.50,27.15633272,0.04120205,ARB-20260811184054901,1,14693,FILLED
299,1786473654886087200,2026-08-11T18:40:54.886105+00:00,BTC/USDT,kraken,binance,65739.23000000,68944.73000000,0.01,29.65633272,1.70921998,0.68944730,2.50,27.15633272,0.04120205,ARB-20260811184054886,1,14059,FILLED
298,1786473654869486400,2026-08-11T18:40:54.869504+00:00,BTC/USDT,kraken,binance,65653.35000000,69394.81000000,0.01,35.01366480,1.70698710,0.69394810,2.50,32.51366480,0.04939481,ARB-20260811184054869,1,15475,FILLED
297,1786473654853720400,2026-08-11T18:40:54.853740+00:00,BTC/USDT,kraken,binance,65653.35000000,69394.81000000,0.01,35.01366480,1.70698710,0.69394810,2.50,32.51366480,0.04939481,ARB-20260811184054853,1,14515,FILLED
296,1786473654838751000,2026-08-11T18:40:54.838769+00:00,BTC/USDT,kraken,binance,65653.35000000,69394.81000000,0.01,35.01366480,1.70698710,0.69394810,2.50,32.51366480,0.04939481,ARB-20260811184054838,1,13639,FILLED
295,1786473654822530900,2026-08-11T18:40:54.822549+00:00,BTC/USDT,kraken,binance,65653.35000000,69394.81000000,0.01,35.01366480,1.70698710,0.69394810,2.50,32.51366480,0.04939481,ARB-20260811184054822,1,14502,FILLED
294,1786473654806422000,2026-08-11T18:40:54.806440+00:00,BTC/USDT,kraken,binance,65653.35000000,69394.81000000,0.01,35.01366480,1.70698710,0.69394810,2.50,32.51366480,0.04939481,ARB-20260811184054806,1,14781,FILLED
293,1786473654790488700,2026-08-11T18:40:54.790511+00:00,BTC/USDT,kraken,binance,65653.35000000,69394.81000000,0.01,35.01366480,1.70698710,0.69394810,2.50,32.51366480,0.04939481,ARB-20260811184054790,1,14716,FILLED
292,1786473654776002400,2026-08-11T18:40:54.776027+00:00,BTC/USDT,kraken,binance,65653.35000000,69394.81000000,0.01,35.01366480,1.70698710,0.69394810,2.50,32.51366480,0.04939481,ARB-20260811184054775,1,13214,FILLED
291,1786473654759624400,2026-08-11T18:40:54.759642+00:00,BTC/USDT,kraken,binance,65703.25000000,69724.67000000,0.01,37.80866880,1.70828450,0.69724670,2.50,35.30866880,0.05360025,ARB-20260811184054759,1,14662,FILLED
290,1786473654744923300,2026-08-11T18:40:54.744942+00:00,BTC/USDT,kraken,binance,65703.25000000,69724.67000000,0.01,37.80866880,1.70828450,0.69724670,2.50,35.30866880,0.05360025,ARB-20260811184054744,1,13440,FILLED
289,1786473654728972400,2026-08-11T18:40:54.728991+00:00,BTC/USDT,kraken,binance,65703.25000000,69724.67000000,0.01,37.80866880,1.70828450,0.69724670,2.50,35.30866880,0.05360025,ARB-20260811184054728,1,13874,FILLED
288,1786473654713608400,2026-08-11T18:40:54.713626+00:00,BTC/USDT,kraken,binance,65703.25000000,69724.67000000,0.01,37.80866880,1.70828450,0.69724670,2.50,35.30866880,0.05360025,ARB-20260811184054713,1,14220,FILLED
287,1786473654698403600,2026-08-11T18:40:54.698421+00:00,BTC/USDT,kraken,binance,65703.25000000,69724.67000000,0.01,37.80866880,1.70828450,0.69724670,2.50,35.30866880,0.05360025,ARB-20260811184054698,1,13910,FILLED
286,1786473654682852800,2026-08-11T18:40:54.682876+00:00,BTC/USDT,kraken,binance,65703.25000000,69724.67000000,0.01,37.80866880,1.70828450,0.69724670,2.50,35.30866880,0.05360025,ARB-20260811184054682,1,14328,FILLED
285,1786473654667651500,2026-08-11T18:40:54.667670+00:00,BTC/USDT,kraken,binance,65703.25000000,69724.67000000,0.01,37.80866880,1.70828450,0.69724670,2.50,35.30866880,0.05360025,ARB-20260811184054667,1,13878,FILLED
284,1786473654651836100,2026-08-11T18:40:54.651855+00:00,BTC/USDT,kraken,binance,65620.84000000,70317.05000000,0.01,44.55278766,1.70614184,0.70317050,2.50,42.05278766,0.06391831,ARB-20260811184054651,1,14393,FILLED
283,1786473654636127500,2026-08-11T18:40:54.636147+00:00,BTC/USDT,kraken,binance,65620.84000000,70317.05000000,0.01,44.55278766,1.70614184,0.70317050,2.50,42.05278766,0.06391831,ARB-20260811184054636,1,13803,FILLED
282,1786473654632066500,2026-08-11T18:40:54.632096+00:00,BTC/USDT,kraken,binance,65620.84000000,70317.05000000,0.01,44.55278766,1.70614184,0.70317050,2.50,42.05278766,0.06391831,ARB-20260811184054632,1,1999,FILLED
281,1786473654625949600,2026-08-11T18:40:54.625997+00:00,BTC/USDT,kraken,binance,65620.84000000,70317.05000000,0.01,44.55278766,1.70614184,0.70317050,2.50,42.05278766,0.06391831,ARB-20260811184054625,1,1876,FILLED
280,1786473654604935300,2026-08-11T18:40:54.604953+00:00,BTC/USDT,kraken,binance,65620.84000000,70317.05000000,0.01,44.55278766,1.70614184,0.70317050,2.50,42.05278766,0.06391831,ARB-20260811184054604,1,14174,FILLED
279,1786473654589319800,2026-08-11T18:40:54.589339+00:00,BTC/USDT,kraken,binance,65620.84000000,70317.05000000,0.01,44.55278766,1.70614184,0.70317050,2.50,42.05278766,0.06391831,ARB-20260811184054589,1,14378,FILLED
278,1786473654573762900,2026-08-11T18:40:54.573783+00:00,BTC/USDT,kraken,binance,65620.84000000,70317.05000000,0.01,44.55278766,1.70614184,0.70317050,2.50,42.05278766,0.06391831,ARB-20260811184054573,1,14215,FILLED
277,1786473654559424800,2026-08-11T18:40:54.559442+00:00,BTC/USDT,kraken,binance,65620.84000000,70317.05000000,0.01,44.55278766,1.70614184,0.70317050,2.50,42.05278766,0.06391831,ARB-20260811184054559,1,12926,FILLED
276,1786473654541903200,2026-08-11T18:40:54.541921+00:00,BTC/USDT,kraken,binance,65539.91000000,70591.59000000,0.01,48.10684644,1.70403766,0.70591590,2.50,45.60684644,0.06940592,ARB-20260811184054541,1,16193,FILLED
275,1786473654539342600,2026-08-11T18:40:54.539361+00:00,BTC/USDT,kraken,binance,65539.91000000,70591.59000000,0.01,48.10684644,1.70403766,0.70591590,2.50,45.60684644,0.06940592,ARB-20260811184054539,1,1489,FILLED
274,1786473654524222700,2026-08-11T18:40:54.524243+00:00,BTC/USDT,kraken,binance,65539.91000000,70591.59000000,0.01,48.10684644,1.70403766,0.70591590,2.50,45.60684644,0.06940592,ARB-20260811184054524,1,13732,FILLED
273,1786473654509046200,2026-08-11T18:40:54.509065+00:00,BTC/USDT,kraken,binance,65539.91000000,70591.59000000,0.01,48.10684644,1.70403766,0.70591590,2.50,45.60684644,0.06940592,ARB-20260811184054509,1,13698,FILLED
272,1786473654492515500,2026-08-11T18:40:54.492535+00:00,BTC/USDT,kraken,binance,65539.91000000,70591.59000000,0.01,48.10684644,1.70403766,0.70591590,2.50,45.60684644,0.06940592,ARB-20260811184054492,1,15366,FILLED
271,1786473654476919500,2026-08-11T18:40:54.476938+00:00,BTC/USDT,kraken,binance,65539.91000000,70591.59000000,0.01,48.10684644,1.70403766,0.70591590,2.50,45.60684644,0.06940592,ARB-20260811184054476,1,14401,FILLED
270,1786473654462285000,2026-08-11T18:40:54.462304+00:00,BTC/USDT,kraken,binance,65539.91000000,70591.59000000,0.01,48.10684644,1.70403766,0.70591590,2.50,45.60684644,0.06940592,ARB-20260811184054462,1,13461,FILLED
269,1786473654447392800,2026-08-11T18:40:54.447411+00:00,BTC/USDT,kraken,binance,65539.91000000,70591.59000000,0.01,48.10684644,1.70403766,0.70591590,2.50,45.60684644,0.06940592,ARB-20260811184054447,1,13126,FILLED
268,1786473654430802800,2026-08-11T18:40:54.430821+00:00,BTC/USDT,kraken,binance,65571.88000000,70711.16000000,0.01,48.98081952,1.70486888,0.70711160,2.50,46.48081952,0.07070147,ARB-20260811184054430,1,15404,FILLED
267,1786473654415151500,2026-08-11T18:40:54.415175+00:00,BTC/USDT,kraken,binance,65571.88000000,70711.16000000,0.01,48.98081952,1.70486888,0.70711160,2.50,46.48081952,0.07070147,ARB-20260811184054415,1,14389,FILLED
266,1786473654399154500,2026-08-11T18:40:54.399172+00:00,BTC/USDT,kraken,binance,65571.88000000,70711.16000000,0.01,48.98081952,1.70486888,0.70711160,2.50,46.48081952,0.07070147,ARB-20260811184054399,1,14618,FILLED
265,1786473654383494500,2026-08-11T18:40:54.383517+00:00,BTC/USDT,kraken,binance,65571.88000000,70711.16000000,0.01,48.98081952,1.70486888,0.70711160,2.50,46.48081952,0.07070147,ARB-20260811184054383,1,14384,FILLED
264,1786473654368653500,2026-08-11T18:40:54.368673+00:00,BTC/USDT,kraken,binance,65571.88000000,70711.16000000,0.01,48.98081952,1.70486888,0.70711160,2.50,46.48081952,0.07070147,ARB-20260811184054368,1,13616,FILLED
263,1786473654358133900,2026-08-11T18:40:54.358150+00:00,BTC/USDT,kraken,binance,65571.88000000,70711.16000000,0.01,48.98081952,1.70486888,0.70711160,2.50,46.48081952,0.07070147,ARB-20260811184054358,1,9150,FILLED
262,1786473654343495300,2026-08-11T18:40:54.343514+00:00,BTC/USDT,kraken,binance,65571.88000000,70711.16000000,0.01,48.98081952,1.70486888,0.70711160,2.50,46.48081952,0.07070147,ARB-20260811184054343,1,13430,FILLED
261,1786473654326675000,2026-08-11T18:40:54.326692+00:00,BTC/USDT,kraken,binance,65421.29000000,71226.81000000,0.01,55.64197836,1.70095354,0.71226810,2.50,53.14197836,0.08101975,ARB-20260811184054326,1,15379,FILLED
260,1786473654311589300,2026-08-11T18:40:54.311607+00:00,BTC/USDT,kraken,binance,65421.29000000,71226.81000000,0.01,55.64197836,1.70095354,0.71226810,2.50,53.14197836,0.08101975,ARB-20260811184054311,1,13829,FILLED
259,1786473654296179000,2026-08-11T18:40:54.296197+00:00,BTC/USDT,kraken,binance,65421.29000000,71226.81000000,0.01,55.64197836,1.70095354,0.71226810,2.50,53.14197836,0.08101975,ARB-20260811184054296,1,14005,FILLED
258,1786473654280261600,2026-08-11T18:40:54.280279+00:00,BTC/USDT,kraken,binance,65421.29000000,71226.81000000,0.01,55.64197836,1.70095354,0.71226810,2.50,53.14197836,0.08101975,ARB-20260811184054280,1,14576,FILLED
257,1786473654264815200,2026-08-11T18:40:54.264836+00:00,BTC/USDT,kraken,binance,65421.29000000,71226.81000000,0.01,55.64197836,1.70095354,0.71226810,2.50,53.14197836,0.08101975,ARB-20260811184054264,1,14152,FILLED
256,1786473654249651800,2026-08-11T18:40:54.249669+00:00,BTC/USDT,kraken,binance,65421.29000000,71226.81000000,0.01,55.64197836,1.70095354,0.71226810,2.50,53.14197836,0.08101975,ARB-20260811184054249,1,13921,FILLED
255,1786473654234592600,2026-08-11T18:40:54.234610+00:00,BTC/USDT,kraken,binance,65421.29000000,71226.81000000,0.01,55.64197836,1.70095354,0.71226810,2.50,53.14197836,0.08101975,ARB-20260811184054234,1,13731,FILLED
254,1786473654218806400,2026-08-11T18:40:54.218824+00:00,BTC/USDT,kraken,binance,65236.64000000,71598.51000000,0.01,61.20656226,1.69615264,0.71598510,2.50,58.70656226,0.08975680,ARB-20260811184054218,1,14569,FILLED
253,1786473654202252300,2026-08-11T18:40:54.202272+00:00,BTC/USDT,kraken,binance,65236.64000000,71598.51000000,0.01,61.20656226,1.69615264,0.71598510,2.50,58.70656226,0.08975680,ARB-20260811184054202,1,14890,FILLED
252,1786473654186933000,2026-08-11T18:40:54.186951+00:00,BTC/USDT,kraken,binance,65236.64000000,71598.51000000,0.01,61.20656226,1.69615264,0.71598510,2.50,58.70656226,0.08975680,ARB-20260811184054186,1,14032,FILLED
251,1786473654171731800,2026-08-11T18:40:54.171752+00:00,BTC/USDT,kraken,binance,65236.64000000,71598.51000000,0.01,61.20656226,1.69615264,0.71598510,2.50,58.70656226,0.08975680,ARB-20260811184054171,1,13703,FILLED
250,1786473654155746400,2026-08-11T18:40:54.155766+00:00,BTC/USDT,kraken,binance,65236.64000000,71598.51000000,0.01,61.20656226,1.69615264,0.71598510,2.50,58.70656226,0.08975680,ARB-20260811184054155,1,14425,FILLED
249,1786473654140279900,2026-08-11T18:40:54.140297+00:00,BTC/USDT,kraken,binance,65236.64000000,71598.51000000,0.01,61.20656226,1.69615264,0.71598510,2.50,58.70656226,0.08975680,ARB-20260811184054140,1,14078,FILLED
248,1786473654125635200,2026-08-11T18:40:54.125653+00:00,BTC/USDT,kraken,binance,65236.64000000,71598.51000000,0.01,61.20656226,1.69615264,0.71598510,2.50,58.70656226,0.08975680,ARB-20260811184054125,1,13509,FILLED
247,1786473654109643600,2026-08-11T18:40:54.109662+00:00,BTC/USDT,kraken,binance,65359.44000000,72034.99000000,0.01,64.33580466,1.69934544,0.72034990,2.50,61.83580466,0.09436349,ARB-20260811184054109,1,14754,FILLED
246,1786473654093973000,2026-08-11T18:40:54.093991+00:00,BTC/USDT,kraken,binance,65359.44000000,72034.99000000,0.01,64.33580466,1.69934544,0.72034990,2.50,61.83580466,0.09436349,ARB-20260811184054093,1,14436,FILLED
245,1786473654078425800,2026-08-11T18:40:54.078443+00:00,BTC/USDT,kraken,binance,65359.44000000,72034.99000000,0.01,64.33580466,1.69934544,0.72034990,2.50,61.83580466,0.09436349,ARB-20260811184054078,1,14255,FILLED
244,1786473654062637800,2026-08-11T18:40:54.062656+00:00,BTC/USDT,kraken,binance,65359.44000000,72034.99000000,0.01,64.33580466,1.69934544,0.72034990,2.50,61.83580466,0.09436349,ARB-20260811184054062,1,14566,FILLED
243,1786473654047200400,2026-08-11T18:40:54.047219+00:00,BTC/USDT,kraken,binance,65359.44000000,72034.99000000,0.01,64.33580466,1.69934544,0.72034990,2.50,61.83580466,0.09436349,ARB-20260811184054047,1,14312,FILLED
242,1786473654031296300,2026-08-11T18:40:54.031314+00:00,BTC/USDT,kraken,binance,65359.44000000,72034.99000000,0.01,64.33580466,1.69934544,0.72034990,2.50,61.83580466,0.09436349,ARB-20260811184054031,1,14634,FILLED
241,1786473654016666800,2026-08-11T18:40:54.016684+00:00,BTC/USDT,kraken,binance,65359.44000000,72034.99000000,0.01,64.33580466,1.69934544,0.72034990,2.50,61.83580466,0.09436349,ARB-20260811184054016,1,13398,FILLED
240,1786473654000551300,2026-08-11T18:40:54.000569+00:00,BTC/USDT,kraken,binance,65255.25000000,72375.93000000,0.01,68.78640420,1.69663650,0.72375930,2.50,66.28640420,0.10131676,ARB-20260811184054000,1,14896,FILLED
239,1786473653985013000,2026-08-11T18:40:53.985031+00:00,BTC/USDT,kraken,binance,65255.25000000,72375.93000000,0.01,68.78640420,1.69663650,0.72375930,2.50,66.28640420,0.10131676,ARB-20260811184053984,1,14084,FILLED
238,1786473653969226400,2026-08-11T18:40:53.969245+00:00,BTC/USDT,kraken,binance,65255.25000000,72375.93000000,0.01,68.78640420,1.69663650,0.72375930,2.50,66.28640420,0.10131676,ARB-20260811184053969,1,14558,FILLED
237,1786473653953851600,2026-08-11T18:40:53.953869+00:00,BTC/USDT,kraken,binance,65255.25000000,72375.93000000,0.01,68.78640420,1.69663650,0.72375930,2.50,66.28640420,0.10131676,ARB-20260811184053953,1,13677,FILLED
236,1786473653938868700,2026-08-11T18:40:53.938888+00:00,BTC/USDT,kraken,binance,65255.25000000,72375.93000000,0.01,68.78640420,1.69663650,0.72375930,2.50,66.28640420,0.10131676,ARB-20260811184053938,1,13572,FILLED
235,1786473653923116800,2026-08-11T18:40:53.923136+00:00,BTC/USDT,kraken,binance,65255.25000000,72375.93000000,0.01,68.78640420,1.69663650,0.72375930,2.50,66.28640420,0.10131676,ARB-20260811184053923,1,13994,FILLED
234,1786473653907693000,2026-08-11T18:40:53.907715+00:00,BTC/USDT,kraken,binance,65255.25000000,72375.93000000,0.01,68.78640420,1.69663650,0.72375930,2.50,66.28640420,0.10131676,ARB-20260811184053907,1,13800,FILLED
233,1786473653890784800,2026-08-11T18:40:53.890802+00:00,BTC/USDT,kraken,binance,65047.55000000,72961.86000000,0.01,76.72224510,1.69123630,0.72961860,2.50,74.22224510,0.11380869,ARB-20260811184053890,1,15582,FILLED
232,1786473653875076300,2026-08-11T18:40:53.875098+00:00,BTC/USDT,kraken,binance,65047.55000000,72961.86000000,0.01,76.72224510,1.69123630,0.72961860,2.50,74.22224510,0.11380869,ARB-20260811184053875,1,14512,FILLED
231,1786473653859277700,2026-08-11T18:40:53.859325+00:00,BTC/USDT,kraken,binance,65047.55000000,72961.86000000,0.01,76.72224510,1.69123630,0.72961860,2.50,74.22224510,0.11380869,ARB-20260811184053859,1,14494,FILLED
230,1786473653843963800,2026-08-11T18:40:53.843981+00:00,BTC/USDT,kraken,binance,65047.55000000,72961.86000000,0.01,76.72224510,1.69123630,0.72961860,2.50,74.22224510,0.11380869,ARB-20260811184053843,1,14153,FILLED
229,1786473653828405600,2026-08-11T18:40:53.828423+00:00,BTC/USDT,kraken,binance,65047.55000000,72961.86000000,0.01,76.72224510,1.69123630,0.72961860,2.50,74.22224510,0.11380869,ARB-20260811184053828,1,14393,FILLED
228,1786473653813057100,2026-08-11T18:40:53.813076+00:00,BTC/USDT,kraken,binance,65047.55000000,72961.86000000,0.01,76.72224510,1.69123630,0.72961860,2.50,74.22224510,0.11380869,ARB-20260811184053813,1,14101,FILLED
227,1786473653797527700,2026-08-11T18:40:53.797545+00:00,BTC/USDT,kraken,binance,65047.55000000,72961.86000000,0.01,76.72224510,1.69123630,0.72961860,2.50,74.22224510,0.11380869,ARB-20260811184053797,1,13656,FILLED
226,1786473653780662700,2026-08-11T18:40:53.780681+00:00,BTC/USDT,kraken,binance,65048.32000000,73544.98000000,0.01,82.53989388,1.69125632,0.73544980,2.50,80.03989388,0.12272774,ARB-20260811184053780,1,15579,FILLED
225,1786473653765172900,2026-08-11T18:40:53.765191+00:00,BTC/USDT,kraken,binance,65048.32000000,73544.98000000,0.01,82.53989388,1.69125632,0.73544980,2.50,80.03989388,0.12272774,ARB-20260811184053765,1,14241,FILLED
224,1786473653749201100,2026-08-11T18:40:53.749219+00:00,BTC/USDT,kraken,binance,65048.32000000,73544.98000000,0.01,82.53989388,1.69125632,0.73544980,2.50,80.03989388,0.12272774,ARB-20260811184053749,1,14553,FILLED
223,1786473653733426600,2026-08-11T18:40:53.733444+00:00,BTC/USDT,kraken,binance,65048.32000000,73544.98000000,0.01,82.53989388,1.69125632,0.73544980,2.50,80.03989388,0.12272774,ARB-20260811184053733,1,14591,FILLED
222,1786473653718164500,2026-08-11T18:40:53.718183+00:00,BTC/USDT,kraken,binance,65048.32000000,73544.98000000,0.01,82.53989388,1.69125632,0.73544980,2.50,80.03989388,0.12272774,ARB-20260811184053718,1,14048,FILLED
221,1786473653702645000,2026-08-11T18:40:53.702662+00:00,BTC/USDT,kraken,binance,65048.32000000,73544.98000000,0.01,82.53989388,1.69125632,0.73544980,2.50,80.03989388,0.12272774,ARB-20260811184053702,1,14289,FILLED
220,1786473653688383300,2026-08-11T18:40:53.688401+00:00,BTC/USDT,kraken,binance,65048.32000000,73544.98000000,0.01,82.53989388,1.69125632,0.73544980,2.50,80.03989388,0.12272774,ARB-20260811184053688,1,13041,FILLED
219,1786473653672047300,2026-08-11T18:40:53.672065+00:00,BTC/USDT,kraken,binance,65068.63000000,74279.61000000,0.01,89.67521952,1.69178438,0.74279610,2.50,87.17521952,0.13362684,ARB-20260811184053672,1,15147,FILLED
218,1786473653656908000,2026-08-11T18:40:53.656926+00:00,BTC/USDT,kraken,binance,65068.63000000,74279.61000000,0.01,89.67521952,1.69178438,0.74279610,2.50,87.17521952,0.13362684,ARB-20260811184053656,1,13921,FILLED
217,1786473653641066000,2026-08-11T18:40:53.641084+00:00,BTC/USDT,kraken,binance,65068.63000000,74279.61000000,0.01,89.67521952,1.69178438,0.74279610,2.50,87.17521952,0.13362684,ARB-20260811184053641,1,14464,FILLED
216,1786473653625824300,2026-08-11T18:40:53.625843+00:00,BTC/USDT,kraken,binance,65068.63000000,74279.61000000,0.01,89.67521952,1.69178438,0.74279610,2.50,87.17521952,0.13362684,ARB-20260811184053625,1,14073,FILLED
215,1786473653610879100,2026-08-11T18:40:53.610897+00:00,BTC/USDT,kraken,binance,65068.63000000,74279.61000000,0.01,89.67521952,1.69178438,0.74279610,2.50,87.17521952,0.13362684,ARB-20260811184053610,1,13729,FILLED
214,1786473653595063700,2026-08-11T18:40:53.595082+00:00,BTC/USDT,kraken,binance,65068.63000000,74279.61000000,0.01,89.67521952,1.69178438,0.74279610,2.50,87.17521952,0.13362684,ARB-20260811184053595,1,14234,FILLED
213,1786473653580150000,2026-08-11T18:40:53.580167+00:00,BTC/USDT,kraken,binance,65068.63000000,74279.61000000,0.01,89.67521952,1.69178438,0.74279610,2.50,87.17521952,0.13362684,ARB-20260811184053580,1,13740,FILLED
212,1786473653565053600,2026-08-11T18:40:53.565071+00:00,BTC/USDT,kraken,binance,65161.97000000,74061.74000000,0.01,86.56287138,1.69421122,0.74061740,2.50,84.06287138,0.12867149,ARB-20260811184053565,1,13940,FILLED
211,1786473653548694000,2026-08-11T18:40:53.548713+00:00,BTC/USDT,kraken,binance,65161.97000000,74061.74000000,0.01,86.56287138,1.69421122,0.74061740,2.50,84.06287138,0.12867149,ARB-20260811184053548,1,14941,FILLED
210,1786473653533520200,2026-08-11T18:40:53.533539+00:00,BTC/USDT,kraken,binance,65161.97000000,74061.74000000,0.01,86.56287138,1.69421122,0.74061740,2.50,84.06287138,0.12867149,ARB-20260811184053533,1,14028,FILLED
209,1786473653517517400,2026-08-11T18:40:53.517536+00:00,BTC/USDT,kraken,binance,65161.97000000,74061.74000000,0.01,86.56287138,1.69421122,0.74061740,2.50,84.06287138,0.12867149,ARB-20260811184053517,1,14884,FILLED
208,1786473653502360600,2026-08-11T18:40:53.502379+00:00,BTC/USDT,kraken,binance,65161.97000000,74061.74000000,0.01,86.56287138,1.69421122,0.74061740,2.50,84.06287138,0.12867149,ARB-20260811184053502,1,13959,FILLED
207,1786473653487535000,2026-08-11T18:40:53.487557+00:00,BTC/USDT,kraken,binance,65161.97000000,74061.74000000,0.01,86.56287138,1.69421122,0.74061740,2.50,84.06287138,0.12867149,ARB-20260811184053487,1,13105,FILLED
206,1786473653472453100,2026-08-11T18:40:53.472473+00:00,BTC/USDT,kraken,binance,65161.97000000,74061.74000000,0.01,86.56287138,1.69421122,0.74061740,2.50,84.06287138,0.12867149,ARB-20260811184053472,1,13213,FILLED
205,1786473653456035900,2026-08-11T18:40:53.456066+00:00,BTC/USDT,kraken,binance,65075.64000000,73677.69000000,0.01,83.59175646,1.69196664,0.73677690,2.50,81.09175646,0.12428839,ARB-20260811184053456,1,14978,FILLED
204,1786473653440876500,2026-08-11T18:40:53.440897+00:00,BTC/USDT,kraken,binance,65075.64000000,73677.69000000,0.01,83.59175646,1.69196664,0.73677690,2.50,81.09175646,0.12428839,ARB-20260811184053440,1,13483,FILLED
203,1786473653425356800,2026-08-11T18:40:53.425379+00:00,BTC/USDT,kraken,binance,65075.64000000,73677.69000000,0.01,83.59175646,1.69196664,0.73677690,2.50,81.09175646,0.12428839,ARB-20260811184053425,1,13915,FILLED
202,1786473653409522200,2026-08-11T18:40:53.409541+00:00,BTC/USDT,kraken,binance,65075.64000000,73677.69000000,0.01,83.59175646,1.69196664,0.73677690,2.50,81.09175646,0.12428839,ARB-20260811184053409,1,13835,FILLED
201,1786473653393337800,2026-08-11T18:40:53.393356+00:00,BTC/USDT,kraken,binance,65075.64000000,73677.69000000,0.01,83.59175646,1.69196664,0.73677690,2.50,81.09175646,0.12428839,ARB-20260811184053393,1,14861,FILLED
200,1786473653378371100,2026-08-11T18:40:53.378389+00:00,BTC/USDT,kraken,binance,65075.64000000,73677.69000000,0.01,83.59175646,1.69196664,0.73677690,2.50,81.09175646,0.12428839,ARB-20260811184053378,1,13782,FILLED
199,1786473653363603200,2026-08-11T18:40:53.363629+00:00,BTC/USDT,kraken,binance,65075.64000000,73677.69000000,0.01,83.59175646,1.69196664,0.73677690,2.50,81.09175646,0.12428839,ARB-20260811184053363,1,13255,FILLED
198,1786473653347031000,2026-08-11T18:40:53.347050+00:00,BTC/USDT,kraken,binance,65180.91000000,73331.05000000,0.01,79.07338584,1.69470366,0.73331050,2.50,76.57338584,0.11717359,ARB-20260811184053347,1,15280,FILLED
197,1786473653331461400,2026-08-11T18:40:53.331479+00:00,BTC/USDT,kraken,binance,65180.91000000,73331.05000000,0.01,79.07338584,1.69470366,0.73331050,2.50,76.57338584,0.11717359,ARB-20260811184053331,1,14431,FILLED
196,1786473653316236000,2026-08-11T18:40:53.316254+00:00,BTC/USDT,kraken,binance,65180.91000000,73331.05000000,0.01,79.07338584,1.69470366,0.73331050,2.50,76.57338584,0.11717359,ARB-20260811184053316,1,14136,FILLED
195,1786473653301450600,2026-08-11T18:40:53.301468+00:00,BTC/USDT,kraken,binance,65180.91000000,73331.05000000,0.01,79.07338584,1.69470366,0.73331050,2.50,76.57338584,0.11717359,ARB-20260811184053301,1,13608,FILLED
194,1786473653285954000,2026-08-11T18:40:53.285972+00:00,BTC/USDT,kraken,binance,65180.91000000,73331.05000000,0.01,79.07338584,1.69470366,0.73331050,2.50,76.57338584,0.11717359,ARB-20260811184053285,1,14278,FILLED
193,1786473653270296500,2026-08-11T18:40:53.270314+00:00,BTC/USDT,kraken,binance,65180.91000000,73331.05000000,0.01,79.07338584,1.69470366,0.73331050,2.50,76.57338584,0.11717359,ARB-20260811184053270,1,14467,FILLED
192,1786473653255379700,2026-08-11T18:40:53.255397+00:00,BTC/USDT,kraken,binance,65180.91000000,73331.05000000,0.01,79.07338584,1.69470366,0.73331050,2.50,76.57338584,0.11717359,ARB-20260811184053255,1,13681,FILLED
191,1786473653239073500,2026-08-11T18:40:53.239092+00:00,BTC/USDT,kraken,binance,65293.55000000,73011.25000000,0.01,74.74925520,1.69763230,0.73011250,2.50,72.24925520,0.11036602,ARB-20260811184053239,1,15144,FILLED
190,1786473653223462800,2026-08-11T18:40:53.223481+00:00,BTC/USDT,kraken,binance,65293.55000000,73011.25000000,0.01,74.74925520,1.69763230,0.73011250,2.50,72.24925520,0.11036602,ARB-20260811184053223,1,14404,FILLED
189,1786473653207394900,2026-08-11T18:40:53.207412+00:00,BTC/USDT,kraken,binance,65293.55000000,73011.25000000,0.01,74.74925520,1.69763230,0.73011250,2.50,72.24925520,0.11036602,ARB-20260811184053207,1,14849,FILLED
188,1786473653192400100,2026-08-11T18:40:53.192417+00:00,BTC/USDT,kraken,binance,65293.55000000,73011.25000000,0.01,74.74925520,1.69763230,0.73011250,2.50,72.24925520,0.11036602,ARB-20260811184053192,1,13794,FILLED
187,1786473653176941500,2026-08-11T18:40:53.176962+00:00,BTC/USDT,kraken,binance,65293.55000000,73011.25000000,0.01,74.74925520,1.69763230,0.73011250,2.50,72.24925520,0.11036602,ARB-20260811184053176,1,14136,FILLED
186,1786473653161934400,2026-08-11T18:40:53.161951+00:00,BTC/USDT,kraken,binance,65293.55000000,73011.25000000,0.01,74.74925520,1.69763230,0.73011250,2.50,72.24925520,0.11036602,ARB-20260811184053161,1,13756,FILLED
185,1786473653146793100,2026-08-11T18:40:53.146811+00:00,BTC/USDT,kraken,binance,65293.55000000,73011.25000000,0.01,74.74925520,1.69763230,0.73011250,2.50,72.24925520,0.11036602,ARB-20260811184053146,1,13615,FILLED
184,1786473653130482400,2026-08-11T18:40:53.130500+00:00,BTC/USDT,kraken,binance,65167.90000000,72594.97000000,0.01,71.85038490,1.69436540,0.72594970,2.50,69.35038490,0.10614204,ARB-20260811184053130,1,15123,FILLED
183,1786473653114898500,2026-08-11T18:40:53.114915+00:00,BTC/USDT,kraken,binance,65167.90000000,72594.97000000,0.01,71.85038490,1.69436540,0.72594970,2.50,69.35038490,0.10614204,ARB-20260811184053114,1,14440,FILLED
182,1786473653099563900,2026-08-11T18:40:53.099581+00:00,BTC/USDT,kraken,binance,65167.90000000,72594.97000000,0.01,71.85038490,1.69436540,0.72594970,2.50,69.35038490,0.10614204,ARB-20260811184053099,1,14156,FILLED
181,1786473653083567600,2026-08-11T18:40:53.083585+00:00,BTC/USDT,kraken,binance,65167.90000000,72594.97000000,0.01,71.85038490,1.69436540,0.72594970,2.50,69.35038490,0.10614204,ARB-20260811184053083,1,14631,FILLED
180,1786473653067675600,2026-08-11T18:40:53.067694+00:00,BTC/USDT,kraken,binance,65167.90000000,72594.97000000,0.01,71.85038490,1.69436540,0.72594970,2.50,69.35038490,0.10614204,ARB-20260811184053067,1,14633,FILLED
179,1786473653052678200,2026-08-11T18:40:53.052695+00:00,BTC/USDT,kraken,binance,65167.90000000,72594.97000000,0.01,71.85038490,1.69436540,0.72594970,2.50,69.35038490,0.10614204,ARB-20260811184053052,1,13809,FILLED
178,1786473653037662400,2026-08-11T18:40:53.037679+00:00,BTC/USDT,kraken,binance,65167.90000000,72594.97000000,0.01,71.85038490,1.69436540,0.72594970,2.50,69.35038490,0.10614204,ARB-20260811184053037,1,13795,FILLED
177,1786473653021547500,2026-08-11T18:40:53.021565+00:00,BTC/USDT,kraken,binance,65229.75000000,72359.94000000,0.01,68.88232710,1.69597350,0.72359940,2.50,66.38232710,0.10150304,ARB-20260811184053021,1,14944,FILLED
176,1786473653006152000,2026-08-11T18:40:53.006170+00:00,BTC/USDT,kraken,binance,65229.75000000,72359.94000000,0.01,68.88232710,1.69597350,0.72359940,2.50,66.38232710,0.10150304,ARB-20260811184053006,1,14182,FILLED
175,1786473652990130100,2026-08-11T18:40:52.990148+00:00,BTC/USDT,kraken,binance,65229.75000000,72359.94000000,0.01,68.88232710,1.69597350,0.72359940,2.50,66.38232710,0.10150304,ARB-20260811184052990,1,14732,FILLED
174,1786473652974298500,2026-08-11T18:40:52.974318+00:00,BTC/USDT,kraken,binance,65229.75000000,72359.94000000,0.01,68.88232710,1.69597350,0.72359940,2.50,66.38232710,0.10150304,ARB-20260811184052974,1,14662,FILLED
173,1786473652958306500,2026-08-11T18:40:52.958325+00:00,BTC/USDT,kraken,binance,65229.75000000,72359.94000000,0.01,68.88232710,1.69597350,0.72359940,2.50,66.38232710,0.10150304,ARB-20260811184052958,1,14835,FILLED
172,1786473652942482200,2026-08-11T18:40:52.942509+00:00,BTC/USDT,kraken,binance,65229.75000000,72359.94000000,0.01,68.88232710,1.69597350,0.72359940,2.50,66.38232710,0.10150304,ARB-20260811184052942,1,14642,FILLED
171,1786473652927268700,2026-08-11T18:40:52.927286+00:00,BTC/USDT,kraken,binance,65229.75000000,72359.94000000,0.01,68.88232710,1.69597350,0.72359940,2.50,66.38232710,0.10150304,ARB-20260811184052927,1,14104,FILLED
170,1786473652911737000,2026-08-11T18:40:52.911755+00:00,BTC/USDT,kraken,binance,65463.02000000,72043.70000000,0.01,63.38432448,1.70203852,0.72043700,2.50,60.88432448,0.09276449,ARB-20260811184052911,1,14462,FILLED
169,1786473652895709400,2026-08-11T18:40:52.895743+00:00,BTC/USDT,kraken,binance,65463.02000000,72043.70000000,0.01,63.38432448,1.70203852,0.72043700,2.50,60.88432448,0.09276449,ARB-20260811184052895,1,14722,FILLED
168,1786473652879389300,2026-08-11T18:40:52.879408+00:00,BTC/USDT,kraken,binance,65463.02000000,72043.70000000,0.01,63.38432448,1.70203852,0.72043700,2.50,60.88432448,0.09276449,ARB-20260811184052879,1,14971,FILLED
167,1786473652864902900,2026-08-11T18:40:52.864922+00:00,BTC/USDT,kraken,binance,65463.02000000,72043.70000000,0.01,63.38432448,1.70203852,0.72043700,2.50,60.88432448,0.09276449,ARB-20260811184052864,1,13290,FILLED
166,1786473652849275800,2026-08-11T18:40:52.849293+00:00,BTC/USDT,kraken,binance,65463.02000000,72043.70000000,0.01,63.38432448,1.70203852,0.72043700,2.50,60.88432448,0.09276449,ARB-20260811184052849,1,14377,FILLED
165,1786473652833717900,2026-08-11T18:40:52.833740+00:00,BTC/USDT,kraken,binance,65463.02000000,72043.70000000,0.01,63.38432448,1.70203852,0.72043700,2.50,60.88432448,0.09276449,ARB-20260811184052833,1,14441,FILLED
164,1786473652824830300,2026-08-11T18:40:52.824848+00:00,BTC/USDT,kraken,binance,65463.02000000,72043.70000000,0.01,63.38432448,1.70203852,0.72043700,2.50,60.88432448,0.09276449,ARB-20260811184052824,1,7591,FILLED
163,1786473652822396400,2026-08-11T18:40:52.822415+00:00,BTC/USDT,kraken,binance,65207.59000000,71479.34000000,0.01,60.30730926,1.69539734,0.71479340,2.50,57.80730926,0.08842130,ARB-20260811184052822,1,1276,FILLED
162,1786473652044667200,2026-08-11T18:40:52.044685+00:00,BTC/USDT,kraken,binance,65373.71000000,71163.23000000,0.01,55.48385124,1.69971646,0.71163230,2.50,52.98385124,0.08083747,ARB-20260811184052044,1,1821,FILLED
161,1786473652028419700,2026-08-11T18:40:52.028441+00:00,BTC/USDT,kraken,binance,65429.73000000,70559.97000000,0.01,48.89562732,1.70117298,0.70559970,2.50,46.39562732,0.07072521,ARB-20260811184052028,1,14650,FILLED
160,1786473652012692000,2026-08-11T18:40:52.012709+00:00,BTC/USDT,kraken,binance,65429.73000000,70559.97000000,0.01,48.89562732,1.70117298,0.70559970,2.50,46.39562732,0.07072521,ARB-20260811184052012,1,13942,FILLED
159,1786473651997615800,2026-08-11T18:40:51.997634+00:00,BTC/USDT,kraken,binance,65429.73000000,70559.97000000,0.01,48.89562732,1.70117298,0.70559970,2.50,46.39562732,0.07072521,ARB-20260811184051997,1,13683,FILLED
158,1786473651982407600,2026-08-11T18:40:51.982446+00:00,BTC/USDT,kraken,binance,65429.73000000,70559.97000000,0.01,48.89562732,1.70117298,0.70559970,2.50,46.39562732,0.07072521,ARB-20260811184051982,1,13679,FILLED
157,1786473651967143500,2026-08-11T18:40:51.967164+00:00,BTC/USDT,kraken,binance,65429.73000000,70559.97000000,0.01,48.89562732,1.70117298,0.70559970,2.50,46.39562732,0.07072521,ARB-20260811184051967,1,13165,FILLED
156,1786473651950987300,2026-08-11T18:40:51.951005+00:00,BTC/USDT,kraken,binance,65429.73000000,70559.97000000,0.01,48.89562732,1.70117298,0.70559970,2.50,46.39562732,0.07072521,ARB-20260811184051950,1,14155,FILLED
155,1786473651936676500,2026-08-11T18:40:51.936695+00:00,BTC/USDT,kraken,binance,65429.73000000,70559.97000000,0.01,48.89562732,1.70117298,0.70559970,2.50,46.39562732,0.07072521,ARB-20260811184051936,1,13003,FILLED
154,1786473651919817300,2026-08-11T18:40:51.919836+00:00,BTC/USDT,kraken,binance,65223.72000000,70227.05000000,0.01,47.63521278,1.69581672,0.70227050,2.50,45.13521278,0.06902116,ARB-20260811184051919,1,15636,FILLED
153,1786473651903894700,2026-08-11T18:40:51.903912+00:00,BTC/USDT,kraken,binance,65223.72000000,70227.05000000,0.01,47.63521278,1.69581672,0.70227050,2.50,45.13521278,0.06902116,ARB-20260811184051903,1,14776,FILLED
152,1786473651887909500,2026-08-11T18:40:51.887928+00:00,BTC/USDT,kraken,binance,65223.72000000,70227.05000000,0.01,47.63521278,1.69581672,0.70227050,2.50,45.13521278,0.06902116,ARB-20260811184051887,1,14557,FILLED
151,1786473651872546500,2026-08-11T18:40:51.872564+00:00,BTC/USDT,kraken,binance,65223.72000000,70227.05000000,0.01,47.63521278,1.69581672,0.70227050,2.50,45.13521278,0.06902116,ARB-20260811184051872,1,13950,FILLED
150,1786473651857715400,2026-08-11T18:40:51.857775+00:00,BTC/USDT,kraken,binance,65223.72000000,70227.05000000,0.01,47.63521278,1.69581672,0.70227050,2.50,45.13521278,0.06902116,ARB-20260811184051857,1,13568,FILLED
149,1786473651842276900,2026-08-11T18:40:51.842294+00:00,BTC/USDT,kraken,binance,65223.72000000,70227.05000000,0.01,47.63521278,1.69581672,0.70227050,2.50,45.13521278,0.06902116,ARB-20260811184051842,1,13948,FILLED
148,1786473651827920000,2026-08-11T18:40:51.827940+00:00,BTC/USDT,kraken,binance,65223.72000000,70227.05000000,0.01,47.63521278,1.69581672,0.70227050,2.50,45.13521278,0.06902116,ARB-20260811184051827,1,13091,FILLED
147,1786473651811843700,2026-08-11T18:40:51.811861+00:00,BTC/USDT,kraken,binance,65045.91000000,69770.81000000,0.01,44.86009824,1.69119366,0.69770810,2.50,42.36009824,0.06495450,ARB-20260811184051811,1,14611,FILLED
146,1786473651796637100,2026-08-11T18:40:51.796654+00:00,BTC/USDT,kraken,binance,65045.91000000,69770.81000000,0.01,44.86009824,1.69119366,0.69770810,2.50,42.36009824,0.06495450,ARB-20260811184051796,1,13929,FILLED
145,1786473651780887400,2026-08-11T18:40:51.780906+00:00,BTC/USDT,kraken,binance,65045.91000000,69770.81000000,0.01,44.86009824,1.69119366,0.69770810,2.50,42.36009824,0.06495450,ARB-20260811184051780,1,14354,FILLED
144,1786473651765818200,2026-08-11T18:40:51.765844+00:00,BTC/USDT,kraken,binance,65045.91000000,69770.81000000,0.01,44.86009824,1.69119366,0.69770810,2.50,42.36009824,0.06495450,ARB-20260811184051765,1,13545,FILLED
143,1786473651749841100,2026-08-11T18:40:51.749859+00:00,BTC/USDT,kraken,binance,65045.91000000,69770.81000000,0.01,44.86009824,1.69119366,0.69770810,2.50,42.36009824,0.06495450,ARB-20260811184051749,1,14122,FILLED
142,1786473651733818500,2026-08-11T18:40:51.733836+00:00,BTC/USDT,kraken,binance,65045.91000000,69770.81000000,0.01,44.86009824,1.69119366,0.69770810,2.50,42.36009824,0.06495450,ARB-20260811184051733,1,14624,FILLED
141,1786473651719082800,2026-08-11T18:40:51.719100+00:00,BTC/USDT,kraken,binance,65045.91000000,69770.81000000,0.01,44.86009824,1.69119366,0.69770810,2.50,42.36009824,0.06495450,ARB-20260811184051719,1,13395,FILLED
140,1786473651705118000,2026-08-11T18:40:51.705133+00:00,BTC/USDT,kraken,binance,65213.70000000,70414.47000000,0.01,49.60799910,1.69555620,0.70414470,2.50,47.10799910,0.07204903,ARB-20260811184051705,1,12706,FILLED
139,1786473651703489800,2026-08-11T18:40:51.703507+00:00,BTC/USDT,kraken,binance,65213.70000000,70414.47000000,0.01,49.60799910,1.69555620,0.70414470,2.50,47.10799910,0.07204903,ARB-20260811184051703,1,604,FILLED
138,1786473651688613100,2026-08-11T18:40:51.688631+00:00,BTC/USDT,kraken,binance,65213.70000000,70414.47000000,0.01,49.60799910,1.69555620,0.70414470,2.50,47.10799910,0.07204903,ARB-20260811184051688,1,13543,FILLED
137,1786473651672466600,2026-08-11T18:40:51.672484+00:00,BTC/USDT,kraken,binance,65213.70000000,70414.47000000,0.01,49.60799910,1.69555620,0.70414470,2.50,47.10799910,0.07204903,ARB-20260811184051672,1,14630,FILLED
136,1786473651656808100,2026-08-11T18:40:51.656826+00:00,BTC/USDT,kraken,binance,65213.70000000,70414.47000000,0.01,49.60799910,1.69555620,0.70414470,2.50,47.10799910,0.07204903,ARB-20260811184051656,1,14429,FILLED
135,1786473651641820900,2026-08-11T18:40:51.641839+00:00,BTC/USDT,kraken,binance,65213.70000000,70414.47000000,0.01,49.60799910,1.69555620,0.70414470,2.50,47.10799910,0.07204903,ARB-20260811184051641,1,13734,FILLED
134,1786473651626583900,2026-08-11T18:40:51.626602+00:00,BTC/USDT,kraken,binance,65213.70000000,70414.47000000,0.01,49.60799910,1.69555620,0.70414470,2.50,47.10799910,0.07204903,ARB-20260811184051626,1,13917,FILLED
133,1786473651611264200,2026-08-11T18:40:51.611281+00:00,BTC/USDT,kraken,binance,65213.70000000,70414.47000000,0.01,49.60799910,1.69555620,0.70414470,2.50,47.10799910,0.07204903,ARB-20260811184051611,1,14072,FILLED
132,1786473651595174100,2026-08-11T18:40:51.595192+00:00,BTC/USDT,kraken,binance,65061.43000000,71452.16000000,0.01,61.50118122,1.69159718,0.71452160,2.50,59.00118122,0.09045017,ARB-20260811184051595,1,14921,FILLED
131,1786473651580398100,2026-08-11T18:40:51.580417+00:00,BTC/USDT,kraken,binance,65061.43000000,71452.16000000,0.01,61.50118122,1.69159718,0.71452160,2.50,59.00118122,0.09045017,ARB-20260811184051580,1,13526,FILLED
130,1786473651564881100,2026-08-11T18:40:51.564900+00:00,BTC/USDT,kraken,binance,65061.43000000,71452.16000000,0.01,61.50118122,1.69159718,0.71452160,2.50,59.00118122,0.09045017,ARB-20260811184051564,1,13747,FILLED
129,1786473651547364200,2026-08-11T18:40:51.547386+00:00,BTC/USDT,kraken,binance,65061.43000000,71452.16000000,0.01,61.50118122,1.69159718,0.71452160,2.50,59.00118122,0.09045017,ARB-20260811184051547,1,16038,FILLED
128,1786473651531414300,2026-08-11T18:40:51.531484+00:00,BTC/USDT,kraken,binance,65061.43000000,71452.16000000,0.01,61.50118122,1.69159718,0.71452160,2.50,59.00118122,0.09045017,ARB-20260811184051531,1,13937,FILLED
127,1786473651515311500,2026-08-11T18:40:51.515331+00:00,BTC/USDT,kraken,binance,65061.43000000,71452.16000000,0.01,61.50118122,1.69159718,0.71452160,2.50,59.00118122,0.09045017,ARB-20260811184051515,1,14246,FILLED
126,1786473651500686200,2026-08-11T18:40:51.500703+00:00,BTC/USDT,kraken,binance,65061.43000000,71452.16000000,0.01,61.50118122,1.69159718,0.71452160,2.50,59.00118122,0.09045017,ARB-20260811184051500,1,13238,FILLED
125,1786473651484960100,2026-08-11T18:40:51.484978+00:00,BTC/USDT,kraken,binance,65344.83000000,71427.03000000,0.01,58.40876412,1.69896558,0.71427030,2.50,55.90876412,0.08533771,ARB-20260811184051484,1,14673,FILLED
124,1786473651470634100,2026-08-11T18:40:51.470649+00:00,BTC/USDT,kraken,binance,65344.83000000,71427.03000000,0.01,58.40876412,1.69896558,0.71427030,2.50,55.90876412,0.08533771,ARB-20260811184051470,1,13151,FILLED
123,1786473651469035300,2026-08-11T18:40:51.469053+00:00,BTC/USDT,kraken,binance,65344.83000000,71427.03000000,0.01,58.40876412,1.69896558,0.71427030,2.50,55.90876412,0.08533771,ARB-20260811184051469,1,663,FILLED
122,1786473651452903700,2026-08-11T18:40:51.452922+00:00,BTC/USDT,kraken,binance,65344.83000000,71427.03000000,0.01,58.40876412,1.69896558,0.71427030,2.50,55.90876412,0.08533771,ARB-20260811184051452,1,14834,FILLED
121,1786473651436390800,2026-08-11T18:40:51.436410+00:00,BTC/USDT,kraken,binance,65344.83000000,71427.03000000,0.01,58.40876412,1.69896558,0.71427030,2.50,55.90876412,0.08533771,ARB-20260811184051436,1,15117,FILLED
120,1786473651434301900,2026-08-11T18:40:51.434323+00:00,BTC/USDT,kraken,binance,65344.83000000,71427.03000000,0.01,58.40876412,1.69896558,0.71427030,2.50,55.90876412,0.08533771,ARB-20260811184051434,1,879,FILLED
119,1786473651421461700,2026-08-11T18:40:51.421478+00:00,BTC/USDT,kraken,binance,65344.83000000,71427.03000000,0.01,58.40876412,1.69896558,0.71427030,2.50,55.90876412,0.08533771,ARB-20260811184051421,1,11083,FILLED
118,1786473651405544200,2026-08-11T18:40:51.405561+00:00,BTC/USDT,kraken,binance,65344.83000000,71427.03000000,0.01,58.40876412,1.69896558,0.71427030,2.50,55.90876412,0.08533771,ARB-20260811184051405,1,14784,FILLED
117,1786473651391315700,2026-08-11T18:40:51.391333+00:00,BTC/USDT,kraken,binance,65344.83000000,71427.03000000,0.01,58.40876412,1.69896558,0.71427030,2.50,55.90876412,0.08533771,ARB-20260811184051391,1,13096,FILLED
116,1786473651375003600,2026-08-11T18:40:51.375021+00:00,BTC/USDT,kraken,binance,65210.54000000,71280.14000000,0.01,58.28772456,1.69547404,0.71280140,2.50,55.78772456,0.08532831,ARB-20260811184051374,1,15209,FILLED
115,1786473651359274300,2026-08-11T18:40:51.359292+00:00,BTC/USDT,kraken,binance,65210.54000000,71280.14000000,0.01,58.28772456,1.69547404,0.71280140,2.50,55.78772456,0.08532831,ARB-20260811184051359,1,14622,FILLED
114,1786473651343417500,2026-08-11T18:40:51.343435+00:00,BTC/USDT,kraken,binance,65210.54000000,71280.14000000,0.01,58.28772456,1.69547404,0.71280140,2.50,55.78772456,0.08532831,ARB-20260811184051343,1,14600,FILLED
113,1786473651328190300,2026-08-11T18:40:51.328210+00:00,BTC/USDT,kraken,binance,65210.54000000,71280.14000000,0.01,58.28772456,1.69547404,0.71280140,2.50,55.78772456,0.08532831,ARB-20260811184051328,1,14124,FILLED
112,1786473651313168400,2026-08-11T18:40:51.313203+00:00,BTC/USDT,kraken,binance,65210.54000000,71280.14000000,0.01,58.28772456,1.69547404,0.71280140,2.50,55.78772456,0.08532831,ARB-20260811184051313,1,13438,FILLED
111,1786473651297652100,2026-08-11T18:40:51.297673+00:00,BTC/USDT,kraken,binance,65210.54000000,71280.14000000,0.01,58.28772456,1.69547404,0.71280140,2.50,55.78772456,0.08532831,ARB-20260811184051297,1,13548,FILLED
110,1786473651285593500,2026-08-11T18:40:51.285610+00:00,BTC/USDT,kraken,binance,65210.54000000,71280.14000000,0.01,58.28772456,1.69547404,0.71280140,2.50,55.78772456,0.08532831,ARB-20260811184051285,1,10663,FILLED
109,1786473651269754400,2026-08-11T18:40:51.269772+00:00,BTC/USDT,kraken,binance,65129.22000000,71036.95000000,0.01,56.67357078,1.69335972,0.71036950,2.50,54.17357078,0.08296289,ARB-20260811184051269,1,14734,FILLED
108,1786473651253420500,2026-08-11T18:40:51.253438+00:00,BTC/USDT,kraken,binance,65129.22000000,71036.95000000,0.01,56.67357078,1.69335972,0.71036950,2.50,54.17357078,0.08296289,ARB-20260811184051253,1,15031,FILLED
107,1786473651237735500,2026-08-11T18:40:51.237756+00:00,BTC/USDT,kraken,binance,65129.22000000,71036.95000000,0.01,56.67357078,1.69335972,0.71036950,2.50,54.17357078,0.08296289,ARB-20260811184051237,1,14544,FILLED
106,1786473651222314400,2026-08-11T18:40:51.222334+00:00,BTC/USDT,kraken,binance,65129.22000000,71036.95000000,0.01,56.67357078,1.69335972,0.71036950,2.50,54.17357078,0.08296289,ARB-20260811184051222,1,13762,FILLED
105,1786473651207174900,2026-08-11T18:40:51.207194+00:00,BTC/USDT,kraken,binance,65129.22000000,71036.95000000,0.01,56.67357078,1.69335972,0.71036950,2.50,54.17357078,0.08296289,ARB-20260811184051207,1,13979,FILLED
104,1786473651191355300,2026-08-11T18:40:51.191374+00:00,BTC/USDT,kraken,binance,65129.22000000,71036.95000000,0.01,56.67357078,1.69335972,0.71036950,2.50,54.17357078,0.08296289,ARB-20260811184051191,1,14729,FILLED
103,1786473651176158800,2026-08-11T18:40:51.176176+00:00,BTC/USDT,kraken,binance,65129.22000000,71036.95000000,0.01,56.67357078,1.69335972,0.71036950,2.50,54.17357078,0.08296289,ARB-20260811184051176,1,13978,FILLED
102,1786473651160495400,2026-08-11T18:40:51.160514+00:00,BTC/USDT,kraken,binance,65099.67000000,70790.04000000,0.01,54.50320818,1.69259142,0.70790040,2.50,52.00320818,0.07967529,ARB-20260811184051160,1,14540,FILLED
101,1786473651140254900,2026-08-11T18:40:51.140627+00:00,BTC/USDT,kraken,binance,65099.67000000,70790.04000000,0.01,54.50320818,1.69259142,0.70790040,2.50,52.00320818,0.07967529,ARB-20260811184051139,1,15546,FILLED
100,1786473651114865700,2026-08-11T18:40:51.114883+00:00,BTC/USDT,kraken,binance,65099.67000000,70790.04000000,0.01,54.50320818,1.69259142,0.70790040,2.50,52.00320818,0.07967529,ARB-20260811184051114,1,15518,FILLED
99,1786473651098439500,2026-08-11T18:40:51.098458+00:00,BTC/USDT,kraken,binance,65099.67000000,70790.04000000,0.01,54.50320818,1.69259142,0.70790040,2.50,52.00320818,0.07967529,ARB-20260811184051098,1,15108,FILLED
98,1786473651082352600,2026-08-11T18:40:51.082372+00:00,BTC/USDT,kraken,binance,65099.67000000,70790.04000000,0.01,54.50320818,1.69259142,0.70790040,2.50,52.00320818,0.07967529,ARB-20260811184051082,1,14134,FILLED
97,1786473651069099400,2026-08-11T18:40:51.069117+00:00,BTC/USDT,kraken,binance,65099.67000000,70790.04000000,0.01,54.50320818,1.69259142,0.70790040,2.50,52.00320818,0.07967529,ARB-20260811184051069,1,11598,FILLED
96,1786473651066465800,2026-08-11T18:40:51.066484+00:00,BTC/USDT,kraken,binance,64944.98000000,70740.45000000,0.01,55.55872602,1.68856948,0.70740450,2.50,53.05872602,0.08148610,ARB-20260811184051066,1,1449,FILLED
95,1786473651060549300,2026-08-11T18:40:51.060570+00:00,BTC/USDT,kraken,binance,64944.98000000,70740.45000000,0.01,55.55872602,1.68856948,0.70740450,2.50,53.05872602,0.08148610,ARB-20260811184051060,1,4158,FILLED
94,1786473651035253700,2026-08-11T18:40:51.035271+00:00,BTC/USDT,kraken,binance,64944.98000000,70740.45000000,0.01,55.55872602,1.68856948,0.70740450,2.50,53.05872602,0.08148610,ARB-20260811184051035,1,21891,FILLED
93,1786473651019295200,2026-08-11T18:40:51.019313+00:00,BTC/USDT,kraken,binance,64944.98000000,70740.45000000,0.01,55.55872602,1.68856948,0.70740450,2.50,53.05872602,0.08148610,ARB-20260811184051019,1,14645,FILLED
92,1786473651005309300,2026-08-11T18:40:51.005328+00:00,BTC/USDT,kraken,binance,64944.98000000,70740.45000000,0.01,55.55872602,1.68856948,0.70740450,2.50,53.05872602,0.08148610,ARB-20260811184051005,1,12754,FILLED
91,1786473650998350600,2026-08-11T18:40:50.998374+00:00,BTC/USDT,kraken,binance,64944.98000000,70740.45000000,0.01,55.55872602,1.68856948,0.70740450,2.50,53.05872602,0.08148610,ARB-20260811184050998,1,4242,FILLED
90,1786473650970164800,2026-08-11T18:40:50.970188+00:00,BTC/USDT,kraken,binance,64944.98000000,70740.45000000,0.01,55.55872602,1.68856948,0.70740450,2.50,53.05872602,0.08148610,ARB-20260811184050970,1,21733,FILLED
89,1786473650912474400,2026-08-11T18:40:50.912504+00:00,BTC/USDT,kraken,binance,65061.09000000,70539.12000000,0.01,52.38332046,1.69158834,0.70539120,2.50,49.88332046,0.07647268,ARB-20260811184050912,1,35750,FILLED
88,1786473650872638300,2026-08-11T18:40:50.872664+00:00,BTC/USDT,kraken,binance,65061.09000000,70539.12000000,0.01,52.38332046,1.69158834,0.70539120,2.50,49.88332046,0.07647268,ARB-20260811184050872,1,14842,FILLED
87,1786473650857574600,2026-08-11T18:40:50.857599+00:00,BTC/USDT,kraken,binance,65061.09000000,70539.12000000,0.01,52.38332046,1.69158834,0.70539120,2.50,49.88332046,0.07647268,ARB-20260811184050857,1,13345,FILLED
86,1786473650842824900,2026-08-11T18:40:50.842841+00:00,BTC/USDT,kraken,binance,65061.09000000,70539.12000000,0.01,52.38332046,1.69158834,0.70539120,2.50,49.88332046,0.07647268,ARB-20260811184050842,1,13029,FILLED
85,1786473650828524500,2026-08-11T18:40:50.828548+00:00,BTC/USDT,kraken,binance,65267.25000000,70226.04000000,0.01,47.18869110,1.69694850,0.70226040,2.50,44.68869110,0.06829275,ARB-20260811184050828,1,12663,FILLED
84,1786473650812213600,2026-08-11T18:40:50.812232+00:00,BTC/USDT,kraken,binance,65267.25000000,70226.04000000,0.01,47.18869110,1.69694850,0.70226040,2.50,44.68869110,0.06829275,ARB-20260811184050812,1,13396,FILLED
83,1786473650796478000,2026-08-11T18:40:50.796499+00:00,BTC/USDT,kraken,binance,65267.25000000,70226.04000000,0.01,47.18869110,1.69694850,0.70226040,2.50,44.68869110,0.06829275,ARB-20260811184050796,1,13929,FILLED
82,1786473650780200700,2026-08-11T18:40:50.780218+00:00,BTC/USDT,kraken,binance,65267.25000000,70226.04000000,0.01,47.18869110,1.69694850,0.70226040,2.50,44.68869110,0.06829275,ARB-20260811184050780,1,14683,FILLED
81,1786473650764933100,2026-08-11T18:40:50.764950+00:00,BTC/USDT,kraken,binance,65267.25000000,70226.04000000,0.01,47.18869110,1.69694850,0.70226040,2.50,44.68869110,0.06829275,ARB-20260811184050764,1,14067,FILLED
80,1786473650749502500,2026-08-11T18:40:50.749520+00:00,BTC/USDT,kraken,binance,65267.25000000,70226.04000000,0.01,47.18869110,1.69694850,0.70226040,2.50,44.68869110,0.06829275,ARB-20260811184050749,1,14212,FILLED
79,1786473650735004300,2026-08-11T18:40:50.735023+00:00,BTC/USDT,kraken,binance,65267.25000000,70226.04000000,0.01,47.18869110,1.69694850,0.70226040,2.50,44.68869110,0.06829275,ARB-20260811184050734,1,13409,FILLED
78,1786473650718333500,2026-08-11T18:40:50.718352+00:00,BTC/USDT,kraken,binance,65160.11000000,69907.15000000,0.01,45.07716564,1.69416286,0.69907150,2.50,42.57716564,0.06517293,ARB-20260811184050718,1,15235,FILLED
77,1786473650702998500,2026-08-11T18:40:50.703016+00:00,BTC/USDT,kraken,binance,65160.11000000,69907.15000000,0.01,45.07716564,1.69416286,0.69907150,2.50,42.57716564,0.06517293,ARB-20260811184050702,1,14101,FILLED
76,1786473650687330700,2026-08-11T18:40:50.687350+00:00,BTC/USDT,kraken,binance,65160.11000000,69907.15000000,0.01,45.07716564,1.69416286,0.69907150,2.50,42.57716564,0.06517293,ARB-20260811184050687,1,14202,FILLED
75,1786473650671972100,2026-08-11T18:40:50.671990+00:00,BTC/USDT,kraken,binance,65160.11000000,69907.15000000,0.01,45.07716564,1.69416286,0.69907150,2.50,42.57716564,0.06517293,ARB-20260811184050671,1,13981,FILLED
74,1786473650656369900,2026-08-11T18:40:50.656389+00:00,BTC/USDT,kraken,binance,65160.11000000,69907.15000000,0.01,45.07716564,1.69416286,0.69907150,2.50,42.57716564,0.06517293,ARB-20260811184050656,1,14310,FILLED
73,1786473650641171000,2026-08-11T18:40:50.641188+00:00,BTC/USDT,kraken,binance,65160.11000000,69907.15000000,0.01,45.07716564,1.69416286,0.69907150,2.50,42.57716564,0.06517293,ARB-20260811184050641,1,13740,FILLED
72,1786473650626072700,2026-08-11T18:40:50.626090+00:00,BTC/USDT,kraken,binance,65160.11000000,69907.15000000,0.01,45.07716564,1.69416286,0.69907150,2.50,42.57716564,0.06517293,ARB-20260811184050626,1,12661,FILLED
71,1786473650609546600,2026-08-11T18:40:50.609564+00:00,BTC/USDT,kraken,binance,65177.89000000,69633.45000000,0.01,42.16464036,1.69462514,0.69633450,2.50,39.66464036,0.06069816,ARB-20260811184050609,1,14671,FILLED
70,1786473650594834600,2026-08-11T18:40:50.594856+00:00,BTC/USDT,kraken,binance,65177.89000000,69633.45000000,0.01,42.16464036,1.69462514,0.69633450,2.50,39.66464036,0.06069816,ARB-20260811184050594,1,13423,FILLED
69,1786473650579212100,2026-08-11T18:40:50.579231+00:00,BTC/USDT,kraken,binance,65177.89000000,69633.45000000,0.01,42.16464036,1.69462514,0.69633450,2.50,39.66464036,0.06069816,ARB-20260811184050579,1,12629,FILLED
68,1786473650563227800,2026-08-11T18:40:50.563250+00:00,BTC/USDT,kraken,binance,65177.89000000,69633.45000000,0.01,42.16464036,1.69462514,0.69633450,2.50,39.66464036,0.06069816,ARB-20260811184050563,1,14145,FILLED
67,1786473650546614100,2026-08-11T18:40:50.546633+00:00,BTC/USDT,kraken,binance,65177.89000000,69633.45000000,0.01,42.16464036,1.69462514,0.69633450,2.50,39.66464036,0.06069816,ARB-20260811184050546,1,14172,FILLED
66,1786473650531241500,2026-08-11T18:40:50.531266+00:00,BTC/USDT,kraken,binance,65177.89000000,69633.45000000,0.01,42.16464036,1.69462514,0.69633450,2.50,39.66464036,0.06069816,ARB-20260811184050531,1,14142,FILLED
65,1786473650516605000,2026-08-11T18:40:50.516622+00:00,BTC/USDT,kraken,binance,65177.89000000,69633.45000000,0.01,42.16464036,1.69462514,0.69633450,2.50,39.66464036,0.06069816,ARB-20260811184050516,1,13370,FILLED
64,1786473650500613300,2026-08-11T18:40:50.500630+00:00,BTC/USDT,kraken,binance,65230.89000000,69429.51000000,0.01,39.59590176,1.69600314,0.69429510,2.50,37.09590176,0.05672114,ARB-20260811184050500,1,14920,FILLED
63,1786473650485406100,2026-08-11T18:40:50.485426+00:00,BTC/USDT,kraken,binance,65230.89000000,69429.51000000,0.01,39.59590176,1.69600314,0.69429510,2.50,37.09590176,0.05672114,ARB-20260811184050485,1,14118,FILLED
62,1786473650469863100,2026-08-11T18:40:50.469881+00:00,BTC/USDT,kraken,binance,65230.89000000,69429.51000000,0.01,39.59590176,1.69600314,0.69429510,2.50,37.09590176,0.05672114,ARB-20260811184050469,1,14023,FILLED
61,1786473650453494600,2026-08-11T18:40:50.453513+00:00,BTC/USDT,kraken,binance,65230.89000000,69429.51000000,0.01,39.59590176,1.69600314,0.69429510,2.50,37.09590176,0.05672114,ARB-20260811184050453,1,14764,FILLED
60,1786473650438332600,2026-08-11T18:40:50.438352+00:00,BTC/USDT,kraken,binance,65230.89000000,69429.51000000,0.01,39.59590176,1.69600314,0.69429510,2.50,37.09590176,0.05672114,ARB-20260811184050438,1,13940,FILLED
59,1786473650422832300,2026-08-11T18:40:50.422850+00:00,BTC/USDT,kraken,binance,65230.89000000,69429.51000000,0.01,39.59590176,1.69600314,0.69429510,2.50,37.09590176,0.05672114,ARB-20260811184050422,1,14127,FILLED
58,1786473650408872900,2026-08-11T18:40:50.408893+00:00,BTC/USDT,kraken,binance,65230.89000000,69429.51000000,0.01,39.59590176,1.69600314,0.69429510,2.50,37.09590176,0.05672114,ARB-20260811184050408,1,12118,FILLED
57,1786473650391241300,2026-08-11T18:40:50.391259+00:00,BTC/USDT,kraken,binance,65335.02000000,69301.03000000,0.01,37.26837918,1.69871052,0.69301030,2.50,34.76837918,0.05307753,ARB-20260811184050391,1,15016,FILLED
56,1786473650379443300,2026-08-11T18:40:50.379461+00:00,BTC/USDT,kraken,binance,65335.02000000,69301.03000000,0.01,37.26837918,1.69871052,0.69301030,2.50,34.76837918,0.05307753,ARB-20260811184050379,1,10656,FILLED
55,1786473650375522000,2026-08-11T18:40:50.375539+00:00,BTC/USDT,kraken,binance,65335.02000000,69301.03000000,0.01,37.26837918,1.69871052,0.69301030,2.50,34.76837918,0.05307753,ARB-20260811184050375,1,2441,FILLED
54,1786473650362169500,2026-08-11T18:40:50.362198+00:00,BTC/USDT,kraken,binance,65335.02000000,69301.03000000,0.01,37.26837918,1.69871052,0.69301030,2.50,34.76837918,0.05307753,ARB-20260811184050362,1,11305,FILLED
53,1786473650345651300,2026-08-11T18:40:50.345671+00:00,BTC/USDT,kraken,binance,65335.02000000,69301.03000000,0.01,37.26837918,1.69871052,0.69301030,2.50,34.76837918,0.05307753,ARB-20260811184050345,1,13277,FILLED
52,1786473650329725700,2026-08-11T18:40:50.329744+00:00,BTC/USDT,kraken,binance,65335.02000000,69301.03000000,0.01,37.26837918,1.69871052,0.69301030,2.50,34.76837918,0.05307753,ARB-20260811184050329,1,14108,FILLED
51,1786473650313935400,2026-08-11T18:40:50.313974+00:00,BTC/USDT,kraken,binance,65335.02000000,69301.03000000,0.01,37.26837918,1.69871052,0.69301030,2.50,34.76837918,0.05307753,ARB-20260811184050313,1,14388,FILLED
50,1786473650299413500,2026-08-11T18:40:50.299433+00:00,BTC/USDT,kraken,binance,65335.02000000,69301.03000000,0.01,37.26837918,1.69871052,0.69301030,2.50,34.76837918,0.05307753,ARB-20260811184050299,1,13115,FILLED
49,1786473650282617400,2026-08-11T18:40:50.282635+00:00,BTC/USDT,kraken,binance,65344.12000000,68674.32000000,0.01,30.91630968,1.69894712,0.68674320,2.50,28.41630968,0.04337440,ARB-20260811184050282,1,15318,FILLED
48,1786473650267186900,2026-08-11T18:40:50.267209+00:00,BTC/USDT,kraken,binance,65344.12000000,68674.32000000,0.01,30.91630968,1.69894712,0.68674320,2.50,28.41630968,0.04337440,ARB-20260811184050267,1,14303,FILLED
47,1786473650251472400,2026-08-11T18:40:50.251490+00:00,BTC/USDT,kraken,binance,65344.12000000,68674.32000000,0.01,30.91630968,1.69894712,0.68674320,2.50,28.41630968,0.04337440,ARB-20260811184050251,1,14135,FILLED
46,1786473650235706800,2026-08-11T18:40:50.235726+00:00,BTC/USDT,kraken,binance,65344.12000000,68674.32000000,0.01,30.91630968,1.69894712,0.68674320,2.50,28.41630968,0.04337440,ARB-20260811184050235,1,14561,FILLED
45,1786473650220403800,2026-08-11T18:40:50.220422+00:00,BTC/USDT,kraken,binance,65344.12000000,68674.32000000,0.01,30.91630968,1.69894712,0.68674320,2.50,28.41630968,0.04337440,ARB-20260811184050220,1,14265,FILLED
44,1786473650205348000,2026-08-11T18:40:50.205368+00:00,BTC/USDT,kraken,binance,65344.12000000,68674.32000000,0.01,30.91630968,1.69894712,0.68674320,2.50,28.41630968,0.04337440,ARB-20260811184050205,1,13744,FILLED
43,1786473650191376100,2026-08-11T18:40:50.191394+00:00,BTC/USDT,kraken,binance,65344.12000000,68674.32000000,0.01,30.91630968,1.69894712,0.68674320,2.50,28.41630968,0.04337440,ARB-20260811184050191,1,8099,FILLED
42,1786473650174271100,2026-08-11T18:40:50.174303+00:00,BTC/USDT,kraken,binance,65339.05000000,68439.37000000,0.01,28.61999100,1.69881530,0.68439370,2.50,26.11999100,0.03987241,ARB-20260811184050174,1,15472,FILLED
41,1786473650161544300,2026-08-11T18:40:50.161577+00:00,BTC/USDT,kraken,binance,65339.05000000,68439.37000000,0.01,28.61999100,1.69881530,0.68439370,2.50,26.11999100,0.03987241,ARB-20260811184050161,1,11260,FILLED
40,1786473650145119000,2026-08-11T18:40:50.145149+00:00,BTC/USDT,kraken,binance,65339.05000000,68439.37000000,0.01,28.61999100,1.69881530,0.68439370,2.50,26.11999100,0.03987241,ARB-20260811184050145,1,13452,FILLED
39,1786473650128895000,2026-08-11T18:40:50.128915+00:00,BTC/USDT,kraken,binance,65339.05000000,68439.37000000,0.01,28.61999100,1.69881530,0.68439370,2.50,26.11999100,0.03987241,ARB-20260811184050128,1,14652,FILLED
38,1786473650114711300,2026-08-11T18:40:50.114731+00:00,BTC/USDT,kraken,binance,65339.05000000,68439.37000000,0.01,28.61999100,1.69881530,0.68439370,2.50,26.11999100,0.03987241,ARB-20260811184050114,1,12689,FILLED
37,1786473650100279200,2026-08-11T18:40:50.100301+00:00,BTC/USDT,kraken,binance,65339.05000000,68439.37000000,0.01,28.61999100,1.69881530,0.68439370,2.50,26.11999100,0.03987241,ARB-20260811184050100,1,11568,FILLED
36,1786473650084751500,2026-08-11T18:40:50.084773+00:00,BTC/USDT,kraken,binance,65339.05000000,68439.37000000,0.01,28.61999100,1.69881530,0.68439370,2.50,26.11999100,0.03987241,ARB-20260811184050084,1,13785,FILLED
35,1786473650073274300,2026-08-11T18:40:50.073358+00:00,BTC/USDT,kraken,binance,65125.54000000,68023.06000000,0.01,26.60170536,1.69326404,0.68023060,2.50,24.10170536,0.03691210,ARB-20260811184050073,1,7943,FILLED
34,1786473650052011500,2026-08-11T18:40:50.052034+00:00,BTC/USDT,kraken,binance,65125.54000000,68023.06000000,0.01,26.60170536,1.69326404,0.68023060,2.50,24.10170536,0.03691210,ARB-20260811184050051,1,17928,FILLED
33,1786473650036026800,2026-08-11T18:40:50.036047+00:00,BTC/USDT,kraken,binance,65125.54000000,68023.06000000,0.01,26.60170536,1.69326404,0.68023060,2.50,24.10170536,0.03691210,ARB-20260811184050036,1,14006,FILLED
32,1786473650019933200,2026-08-11T18:40:50.019951+00:00,BTC/USDT,kraken,binance,65125.54000000,68023.06000000,0.01,26.60170536,1.69326404,0.68023060,2.50,24.10170536,0.03691210,ARB-20260811184050019,1,14491,FILLED
31,1786473650004717700,2026-08-11T18:40:50.004737+00:00,BTC/USDT,kraken,binance,65125.54000000,68023.06000000,0.01,26.60170536,1.69326404,0.68023060,2.50,24.10170536,0.03691210,ARB-20260811184050004,1,13562,FILLED
30,1786473649989113900,2026-08-11T18:40:49.989134+00:00,BTC/USDT,kraken,binance,65125.54000000,68023.06000000,0.01,26.60170536,1.69326404,0.68023060,2.50,24.10170536,0.03691210,ARB-20260811184049989,1,13404,FILLED
29,1786473649972381500,2026-08-11T18:40:49.972400+00:00,BTC/USDT,kraken,binance,65125.54000000,68023.06000000,0.01,26.60170536,1.69326404,0.68023060,2.50,24.10170536,0.03691210,ARB-20260811184049972,1,14216,FILLED
28,1786473649956328500,2026-08-11T18:40:49.956350+00:00,BTC/USDT,kraken,binance,65176.16000000,67677.42000000,0.01,22.64124564,1.69458016,0.67677420,2.50,20.14124564,0.03082264,ARB-20260811184049956,1,14760,FILLED
27,1786473649939573400,2026-08-11T18:40:49.939592+00:00,BTC/USDT,kraken,binance,65176.16000000,67677.42000000,0.01,22.64124564,1.69458016,0.67677420,2.50,20.14124564,0.03082264,ARB-20260811184049939,1,14802,FILLED
26,1786473649926539500,2026-08-11T18:40:49.926560+00:00,BTC/USDT,kraken,binance,65176.16000000,67677.42000000,0.01,22.64124564,1.69458016,0.67677420,2.50,20.14124564,0.03082264,ARB-20260811184049926,1,11596,FILLED
25,1786473649909555200,2026-08-11T18:40:49.909574+00:00,BTC/USDT,kraken,binance,65176.16000000,67677.42000000,0.01,22.64124564,1.69458016,0.67677420,2.50,20.14124564,0.03082264,ARB-20260811184049909,1,13574,FILLED
24,1786473649894386100,2026-08-11T18:40:49.894405+00:00,BTC/USDT,kraken,binance,65176.16000000,67677.42000000,0.01,22.64124564,1.69458016,0.67677420,2.50,20.14124564,0.03082264,ARB-20260811184049894,1,13845,FILLED
23,1786473649878872000,2026-08-11T18:40:49.878906+00:00,BTC/USDT,kraken,binance,65176.16000000,67677.42000000,0.01,22.64124564,1.69458016,0.67677420,2.50,20.14124564,0.03082264,ARB-20260811184049878,1,13927,FILLED
22,1786473649865841100,2026-08-11T18:40:49.865862+00:00,BTC/USDT,kraken,binance,65176.16000000,67677.42000000,0.01,22.64124564,1.69458016,0.67677420,2.50,20.14124564,0.03082264,ARB-20260811184049865,1,10960,FILLED
21,1786473649849170700,2026-08-11T18:40:49.849277+00:00,BTC/USDT,kraken,binance,65188.94000000,67531.77000000,0.01,21.05806986,1.69491244,0.67531770,2.50,18.55806986,0.02839430,ARB-20260811184049848,1,13734,FILLED
20,1786473649831962300,2026-08-11T18:40:49.831985+00:00,BTC/USDT,kraken,binance,65188.94000000,67531.77000000,0.01,21.05806986,1.69491244,0.67531770,2.50,18.55806986,0.02839430,ARB-20260811184049831,1,6527,FILLED
19,1786473649825881200,2026-08-11T18:40:49.825955+00:00,BTC/USDT,kraken,binance,65188.94000000,67531.77000000,0.01,21.05806986,1.69491244,0.67531770,2.50,18.55806986,0.02839430,ARB-20260811184049825,1,1640,FILLED
18,1786473649810541500,2026-08-11T18:40:49.810564+00:00,BTC/USDT,kraken,binance,65188.94000000,67531.77000000,0.01,21.05806986,1.69491244,0.67531770,2.50,18.55806986,0.02839430,ARB-20260811184049810,1,13022,FILLED
17,1786473649794863900,2026-08-11T18:40:49.794882+00:00,BTC/USDT,kraken,binance,65188.94000000,67531.77000000,0.01,21.05806986,1.69491244,0.67531770,2.50,18.55806986,0.02839430,ARB-20260811184049794,1,13391,FILLED
16,1786473649779288600,2026-08-11T18:40:49.779309+00:00,BTC/USDT,kraken,binance,65188.94000000,67531.77000000,0.01,21.05806986,1.69491244,0.67531770,2.50,18.55806986,0.02839430,ARB-20260811184049779,1,13288,FILLED
15,1786473649763589400,2026-08-11T18:40:49.763607+00:00,BTC/USDT,kraken,binance,65188.94000000,67531.77000000,0.01,21.05806986,1.69491244,0.67531770,2.50,18.55806986,0.02839430,ARB-20260811184049763,1,13320,FILLED
14,1786473649748148500,2026-08-11T18:40:49.748167+00:00,BTC/USDT,kraken,binance,65289.29000000,67114.68000000,0.01,15.88523166,1.69752154,0.67114680,2.50,13.38523166,0.02044825,ARB-20260811184049748,1,14338,FILLED
13,1786473649735382900,2026-08-11T18:40:49.735404+00:00,BTC/USDT,kraken,binance,65289.29000000,67114.68000000,0.01,15.88523166,1.69752154,0.67114680,2.50,13.38523166,0.02044825,ARB-20260811184049735,1,10729,FILLED
12,1786473649719848600,2026-08-11T18:40:49.719870+00:00,BTC/USDT,kraken,binance,65289.29000000,67114.68000000,0.01,15.88523166,1.69752154,0.67114680,2.50,13.38523166,0.02044825,ARB-20260811184049719,1,10313,FILLED
11,1786473649704632700,2026-08-11T18:40:49.704654+00:00,BTC/USDT,kraken,binance,65289.29000000,67114.68000000,0.01,15.88523166,1.69752154,0.67114680,2.50,13.38523166,0.02044825,ARB-20260811184049704,1,9995,FILLED
10,1786473649689148900,2026-08-11T18:40:49.689170+00:00,BTC/USDT,kraken,binance,65289.29000000,67114.68000000,0.01,15.88523166,1.69752154,0.67114680,2.50,13.38523166,0.02044825,ARB-20260811184049689,1,9760,FILLED
9,1786473649672950800,2026-08-11T18:40:49.672972+00:00,BTC/USDT,kraken,binance,65289.29000000,67114.68000000,0.01,15.88523166,1.69752154,0.67114680,2.50,13.38523166,0.02044825,ARB-20260811184049672,1,10817,FILLED
8,1786473649661802600,2026-08-11T18:40:49.661820+00:00,BTC/USDT,kraken,binance,65289.29000000,67114.68000000,0.01,15.88523166,1.69752154,0.67114680,2.50,13.38523166,0.02044825,ARB-20260811184049661,1,6173,FILLED
7,1786473649657764200,2026-08-11T18:40:49.657790+00:00,BTC/USDT,kraken,binance,65457.18000000,66624.19000000,0.01,9.30197142,1.70188668,0.66624190,2.50,6.80197142,0.01036453,ARB-20260811184049657,1,1296,FILLED
6,1786473649642513200,2026-08-11T18:40:49.642536+00:00,BTC/USDT,kraken,binance,65457.18000000,66624.19000000,0.01,9.30197142,1.70188668,0.66624190,2.50,6.80197142,0.01036453,ARB-20260811184049642,1,8531,FILLED
5,1786473649626630600,2026-08-11T18:40:49.626655+00:00,BTC/USDT,kraken,binance,65457.18000000,66624.19000000,0.01,9.30197142,1.70188668,0.66624190,2.50,6.80197142,0.01036453,ARB-20260811184049626,1,10365,FILLED
4,1786473649606680400,2026-08-11T18:40:49.606700+00:00,BTC/USDT,kraken,binance,65457.18000000,66624.19000000,0.01,9.30197142,1.70188668,0.66624190,2.50,6.80197142,0.01036453,ARB-20260811184049606,1,14321,FILLED
3,1786473649590787700,2026-08-11T18:40:49.590806+00:00,BTC/USDT,kraken,binance,65457.18000000,66624.19000000,0.01,9.30197142,1.70188668,0.66624190,2.50,6.80197142,0.01036453,ARB-20260811184049590,1,14321,FILLED
2,1786473649574907000,2026-08-11T18:40:49.574936+00:00,BTC/USDT,kraken,binance,65457.18000000,66624.19000000,0.01,9.30197142,1.70188668,0.66624190,2.50,6.80197142,0.01036453,ARB-20260811184049574,1,14475,FILLED
1,1786473649559038600,2026-08-11T18:40:49.559071+00:00,BTC/USDT,kraken,binance,65457.18000000,66624.19000000,0.01,9.30197142,1.70188668,0.66624190,2.50,6.80197142,0.01036453,ARB-20260811184049559,1,14333,FILLED
